時間戳記,餐廳名稱,地區,時間?,類型,電話 ,地址,星級,星期一開嗎?,星期一的營業時間,星期二開嗎?,星期二的營業時間,星期三開嗎?,星期三的營業時間,星期四開嗎?,星期四的營業時間,星期五開嗎?,星期五的營業時間,星期六開嗎?,星期六的營業時間,星期日開嗎?,星期日的營業時間,低銷,訂位
12/19/2020 1:32:25,漁人食鋪,公館地區,"中餐, 晚餐, 宵夜",日式,0972-181-377,台北市 大安區 羅斯福路3段283巷36號,4.1,否,,是,17:00~22:00,是,17:00~22:00,是,17:00~22:00,是,17:00~22:00,是,"12:00~14:30, 17:00~22:00",是,"12:00~14:30, 17:00~22:00",無,有
12/19/2020 1:34:55,邦食堂,118巷,"中餐, 晚餐",日式,02-2736-1316,台北市大安區和平東路二段96巷17弄28號,4.1,是,"11:30~14:00, 17:30~20:00",是,"11:30~14:00, 17:30~20:00",是,"11:30~14:00, 17:30~20:00",是,"11:30~14:00, 17:30~20:00",是,"11:30~14:00, 17:30~20:00",是,"11:30~14:00, 17:30~20:00",否,,無,無
12/19/2020 1:38:20,赤神日式豬排,公館地區,"中餐, 晚餐",日式,02-2368-6511,台北市中正區羅斯福路三段286巷4弄14號,4.2,是,"11:00~15:00, 17:00~22:00",是,"11:00~15:00, 17:00~22:00",是,"11:00~15:00, 17:00~22:00",是,"11:00~15:00, 17:00~22:00",是,"11:00~15:00, 17:00~22:00",是,11:00~22:00,是,11:00~22:00,有,有
12/19/2020 1:43:03,大盛豬排,公館地區,"中餐, 晚餐",日式,02-2369-3017,台北市中正區羅斯福路四段52巷16弄15-1號,4.2,否,,是,"11:30~14:00, 17:00~20:15",是,"11:30~14:00, 17:00~20:15",是,"11:30~14:00, 17:00~20:15",是,"11:30~14:00, 17:00~20:15",是,"11:30~14:00, 17:00~20:15",是,"11:30~14:00, 17:00~20:15",有,有
12/19/2020 1:46:33,初牛 台北公館店,公館地區,"中餐, 晚餐",日式,02-2365-0393,台北市中正區汀州路三段169號,4.2,是,"11:30~14:00, 17:30~21:30",是,"11:30~14:00, 17:30~21:30",是,"11:30~14:00, 17:30~21:30",是,"11:30~14:00, 17:30~21:30",是,"11:30~14:00, 17:30~21:30",是,11:30~21:30,是,11:30~21:30,無,有
12/19/2020 1:50:04,吉野家 台大店,公館地區,"早餐, 中餐, 晚餐, 宵夜",日式,02-2368-4849,台北市中正區羅斯福路四段6號,3.4,是,5:00~4:00,是,5:00~4:00,是,5:00~4:00,是,5:00~4:00,是,5:00~4:00,是,5:00~4:00,是,5:00~4:00,無,無
12/19/2020 1:52:46,蔥丼,公館地區,"中餐, 晚餐",日式,02-2362-5298,台北市大安區羅斯福路三段286巷10號,3.7,否,,是,11:00~21:00,是,11:00~21:00,是,11:00~21:00,是,11:00~21:00,是,11:00~21:00,是,11:00~21:00,有,無
12/19/2020 1:55:58,山丼,公館地區,"中餐, 晚餐",日式,02-2368-3766,台北市中正區汀州路三段153號,3.9,是,"11:30~14:00, 17:00~21:00",是,"11:30~14:00, 17:00~21:00",是,"11:30~14:00, 17:00~21:00",是,"11:30~14:00, 17:00~21:00",是,"11:30~14:00, 17:00~21:00",是,11:30~21:00,是,11:30~21:00,有,有
12/19/2020 2:01:58,萃茶風·大享食,公館地區,"中餐, 晚餐",日式,02-2367-1119,台北市中正區汀州路三段151號,3.8,是,11:00~21:00,是,11:00~21:00,是,11:00~21:00,是,11:00~21:00,是,11:00~21:00,是,11:00~21:00,是,11:00~21:00,無,無
12/19/2020 2:06:31,季丼屋,公館地區,"中餐, 晚餐",日式,02-2368-0227,台北市中正區羅斯福路四段150號,3.6,是,11:30~20:45,是,11:30~20:45,是,11:30~20:45,是,11:30~20:45,是,11:30~20:45,是,11:30~20:45,是,11:30~20:45,無,有
12/19/2020 2:10:01,SUKIYA 公館店,公館地區,"早餐, 中餐, 晚餐, 宵夜",日式,02-2552-8700,106台北市大安區羅斯福路三段309號,4.1,是,00:00~00:00,是,00:00~00:00,是,00:00~00:00,是,00:00~00:00,是,00:00~00:00,是,00:00~00:00,是,00:00~00:00,無,無
12/19/2020 2:13:43,牛洞食堂,公館地區,"中餐, 晚餐",日式,02-2365-0222,台北市大安區羅斯福路三段277-1號,4.1,是,"11:30~16:00, 17:00~21:00",是,"11:30~16:00, 17:00~21:00",是,"11:30~16:00, 17:00~21:00",是,"11:30~16:00, 17:00~21:00",是,"11:30~16:00, 17:00~21:00",是,11:30~21:00,是,11:30~21:00,有,有
12/19/2020 2:16:46,十二巷拉麵,公館地區,"中餐, 晚餐, 宵夜",日式,02-2368-1922,台北市中正區羅斯福路四段12巷1號,3.9,是,"11:00~15:00, 16:30~22:00",是,"11:00~15:00, 16:30~22:00",是,"11:00~15:00, 16:30~22:00",是,"11:00~15:00, 16:30~22:00",是,"11:00~15:00, 16:30~22:00",是,11:00~22:00,是,11:00~22:00,有,有
12/19/2020 13:46:29,JJ's POKE & CAFE 鮮魚沙拉飯,118巷,"中餐, 晚餐",健康餐,02-2367-2278,台北市大安區辛亥路二段199號,4.3,是,11:00~20:30,是,11:00~20:30,是,11:00~20:30,是,11:00~20:30,是,11:00~20:30,是,11:00~20:30,是,11:00~20:30,無,無
12/19/2020 13:49:51,大福利排骨大王,公館地區,"中餐, 晚餐",中式,02-2365-1009,臺北市中正區羅斯福路三段286巷12號,3.7,是,11:00~20:30,是,11:00~20:30,是,11:00~20:30,是,11:00~20:30,是,11:00~20:30,是,11:00~20:30,是,11:00~20:30,無,有
12/19/2020 13:52:48,YU POKÉ-夏威夷生魚飯,公館地區,"中餐, 晚餐",健康餐,02-2368-4282 ,台北市中正區羅斯福路四段24巷12弄4號,4.6,是,11:30~20:30,否,,是,11:30~20:30,是,11:30~20:30,是,11:30~20:30,是,11:30~20:30,是,11:30~20:30,無,有
12/19/2020 13:57:36,珍品味泰式炭烤（師大第一腿）,118巷,"中餐, 晚餐",東南亞料理,02-2737-5544,台北市大安區和平東路二段118巷67號,3.8,是,10:30~20:00,是,10:30~20:00,是,10:30~20:00,是,10:30~20:00,是,10:30~20:00,是,10:30~20:00,否,,無,無
12/19/2020 14:02:01,壹森泰食堂~師大第一腿(公館店）,公館地區,"中餐, 晚餐, 宵夜",東南亞料理,02-3365-3399,台北市中正區汀州路三段283號,4,是,11:00~10:30,是,11:00~10:30,是,11:00~10:30,是,11:00~10:30,是,11:00~10:30,是,11:00~10:30,是,11:00~10:30,無,無
12/19/2020 14:07:20,來福複合式餐廳,公館地區,"中餐, 晚餐",西式(非義式法式美式者),02-2367-6228,台北市中正區羅斯福路四段52巷16弄1號,4.1,是,11:00~21:30,是,11:00~21:30,是,11:00~21:30,是,11:00~21:30,是,11:00~21:30,是,11:00~21:30,是,11:00~21:30,有,有
12/19/2020 14:13:14,茗香園冰室 - 公館店,公館地區,"中餐, 晚餐",中式,02-2365-8033,台北市中正區羅斯福路四段132號,3.3,是,"11:30~15:00, 17:00~21:30",是,"11:30~15:00, 17:00~21:30",是,"11:30~15:00, 17:00~21:30",是,"11:30~15:00, 17:00~21:30",是,"11:30~15:00, 17:00~21:30",是,11:30~21:30,是,11:30~21:30,有,有
12/19/2020 14:16:07,台大牛莊,公館地區,"中餐, 晚餐",中式,02-2367-7325,台北市中正區羅斯福路3段286巷4弄4號,4.1,是,"11:00~14:00, 17:00~20:30",是,"11:00~14:00, 17:00~20:30",是,"11:00~14:00, 17:00~20:30",是,"11:00~14:00, 17:00~20:30",否,,是,"11:00~14:00, 17:00~20:30",是,"11:00~14:00, 17:00~20:30",有,無
12/19/2020 14:25:08,香港亨記(公館店),公館地區,"中餐, 晚餐",中式,02-2368-9227,台北市中正區羅斯福路三段316巷9弄4號,3.8,是,11:00~21:00,是,11:00~21:00,是,11:00~21:00,是,11:00~21:00,是,11:00~21:00,是,11:00~21:00,是,11:00~21:00,無,有
12/19/2020 14:30:34,順園小館,公館地區,"中餐, 晚餐",中式,02-2368-7432,台北市中正區汀州路三段281號,4,是,"11:00~14:00, 16:30~21:00",是,"11:00~14:00, 16:30~21:00",是,"11:00~14:00, 16:30~21:00",是,"11:00~14:00, 16:30~21:00",是,"11:00~14:00, 16:30~21:00",是,"11:00~14:30, 16:30~21:00",是,"11:00~14:30, 16:30~21:00",無,有
12/19/2020 14:32:36,水源市場,公館地區,"早餐, 中餐, 晚餐",小吃,02-2365-0797,中正區羅斯福路四段92號,4,否,,是,07:00~20:00,是,07:00~20:00,是,07:00~20:00,是,07:00~20:00,是,07:00~20:00,是,07:00~20:00,無,無
12/19/2020 14:37:43,張記嘉義雞肉飯,公館地區,"中餐, 晚餐",小吃,02-2369-8811,台北市中正區汀洲路3段233號,3,是,12:00~19:45,是,12:00~19:45,是,12:00~19:45,是,12:00~19:45,是,12:00~19:45,是,12:00~13:30,否,,無,無
12/19/2020 14:42:37,魯肉飯香,公館地區,"晚餐, 宵夜",中式,0979-981-516,臺北市中正區羅斯福路三段316巷12號,4,是,15:00~24:00,是,15:00~24:00,是,15:00~24:00,是,15:00~24:00,是,15:00~24:00,是,15:00~24:00,是,15:00~24:00,無,有
12/19/2020 14:48:09,源士林粥品,公館地區,"中餐, 晚餐, 宵夜",中式,02-2368-3593,台北市 中正區 水源里汀州路三段134號,3.6,是,12:00~22:00,是,12:00~22:00,是,12:00~22:00,是,12:00~22:00,是,12:00~22:00,否,,是,12:00~22:00,無,無
12/19/2020 14:52:12,源士林粥品（台大店）,118巷,"中餐, 晚餐",中式,02-2732-4312,台北市大安區和平東路二段118巷71號,3.9,是,11:00~20:40,是,11:00~20:40,是,11:00~20:40,是,11:00~20:40,是,11:00~20:40,是,11:00~20:40,是,11:00~20:40,無,無
12/19/2020 15:30:14,鳳城燒臘粵菜（台大店）,溫州街,"中餐, 晚餐",中式,02-2363-3772,台北市大安區新生南路三段58號之3 ,4,是,11:00~20:30,是,11:00~20:30,是,11:00~20:30,是,11:00~20:30,是,11:00~20:30,是,11:00~20:30,是,11:00~20:30,無,有
12/19/2020 15:32:57,穰穰-大安銅板美食,118巷,"中餐, 晚餐",中式,02-2737-2939,台北市大安區和平東路二段118巷61之1號,4.1,是,"11:00~14:00, 17:00~20:00",是,"11:00~14:00, 17:00~20:00",是,"11:00~14:00, 17:00~20:00",是,"11:00~14:00, 17:00~20:00",是,"11:00~14:00, 17:00~20:00",是,11:00~15:00,否,,無,無
12/19/2020 15:37:45,瑞榮燒臘,118巷,"中餐, 晚餐",中式,02-2377-0708,台北市大安區復興南路二段346號,4.1,是,"11:00~14:00, 17:00~19:00",是,"11:00~14:00, 17:00~19:00",是,"11:00~14:00, 17:00~19:00",是,"11:00~14:00, 17:00~19:00",是,"11:00~14:00, 17:00~19:00",否,,否,,無,無
12/19/2020 15:40:37,笑嘻嘻港式現炒飯麵,118巷,"中餐, 晚餐",中式,02-2738-6850,台北市大安區和平東路二段118巷59號,3.7,是,"11:00~14:30, 17:00~21:00",是,"11:00~14:30, 17:00~21:00",是,"11:00~14:30, 17:00~21:00",是,"11:00~14:30, 17:00~21:00",是,"11:00~14:30, 17:00~21:00",是,"11:00~14:30, 17:00~21:00",是,"11:00~14:30, 17:00~21:00",無,無
12/19/2020 15:45:03,麻吉食堂,118巷,"中餐, 晚餐",中式,02-2737-0922,臺北市大安區和平東路2段118巷54弄,4.3,是,"11:30~14:00, 17:00~19:45",是,"11:30~14:00, 17:00~19:45",是,"11:30~14:00, 17:00~19:45",是,"11:30~14:00, 17:00~19:45",是,"11:30~14:00, 17:00~19:45",否,,否,,無,無
12/19/2020 15:49:03,親來食堂,118巷,"中餐, 晚餐",中式,02-2738-0100,台北市大安區和平東路二段118巷52弄14號,4.1,是,"11:30~14:00, 17:00~19:30",是,"11:30~14:00, 17:00~19:30",是,"11:30~14:00, 17:00~19:30",是,"11:30~14:00, 17:00~19:30",是,"11:30~14:00, 17:00~19:30",否,,否,,無,無
12/19/2020 15:51:38,峨嵋川菜,公館地區,"中餐, 晚餐",中式, 02-2365-5157,台北市 中正區 羅斯福路3段316巷8弄10號,4.1,是,"11:00~14:00, 17:00~21:00",是,"11:00~14:00, 17:00~21:00",是,"11:00~14:00, 17:00~21:00",是,"11:00~14:00, 17:00~21:00",是,"11:00~14:00, 17:00~21:00",是,"11:00~14:00, 17:00~21:00",是,"11:00~14:00, 17:00~21:00",無,有
12/19/2020 15:56:17,喜禾嘉料理家,公館地區,"中餐, 晚餐, 宵夜",中式,02-2369-8811,台北市中正區汀州路三段233號 ,3.5,是,11:15~22:00,是,11:15~22:00,否,,否,,是,11:15~22:00,是,11:15~22:00,是,11:15~22:00,無,無
12/19/2020 16:00:57,金雞園,公館地區,"中餐, 晚餐, 宵夜",中式,02-2368-0698,台北市中正區羅斯福路三段316巷8弄3之1號,3.7,是,10:00~20:00,是,10:00~20:00,是,10:00~20:00,是,10:00~20:00,是,10:00~20:00,是,10:00~20:00,是,10:00~20:00,無,有
12/19/2020 16:16:17,紅盤子港式茶餐廳,溫州街,"中餐, 晚餐",中式,02-3365-2588,台北市中正區羅斯福路三段244號9弄1號,4.1,是,"11:30~14:30, 17:30~20:30",是,"11:30~14:30, 17:30~20:30",是,"11:30~14:30, 17:30~20:30",否,,是,"11:30~14:30, 17:30~20:30",是,"11:30~14:30, 17:30~20:30",是,"11:30~14:30, 17:30~20:30",無,有
12/19/2020 16:18:52,合益佳雞肉飯,118巷,"中餐, 晚餐",中式,02-2738-4881,106台北市大安區和平東路二段118巷54弄7號,4.1,是,"11:00~14:00, 16:00~20:50",是,"11:00~14:00, 16:00~20:50",是,"11:00~14:00, 16:00~20:50",是,"11:00~14:00, 16:00~20:50",是,"11:00~14:00, 16:00~20:50",否,,否,,無,無
12/19/2020 16:23:42,鑫吉野烤肉飯,公館地區,"中餐, 晚餐",燒烤,02-2368-8522,台北市中正區羅斯福路3段286巷4弄8號,4.1,是,"09:00~14:00, 16:30~20:00",是,"09:00~14:00, 16:30~20:00",是,"09:00~14:00, 16:30~20:00",是,"09:00~14:00, 16:30~20:00",是,"09:00~14:00, 16:30~20:00",是,"10:00~14:00, 16:30~20:00",否,,無,無
12/19/2020 16:26:08,大水元(公館水源市場),公館地區,"中餐, 晚餐",中式, 0978-512-566 ,台北市大安區羅斯福路四段92號1樓(水源市場25號攤位),4,否,,是,10:30~19:00,是,10:30~19:00,是,10:30~19:00,是,10:30~19:00,是,10:30~19:00,否,,無,無
12/19/2020 16:29:21,蠶居,公館地區,"中餐, 晚餐",中式,02-2363-2883, 台北市大安區羅斯福路三段283巷7弄2號,4.1,是,10:30~21:00,是,10:30~21:00,是,10:30~21:00,是,10:30~21:00,是,10:30~21:00,是,10:30~21:00,是,10:30~21:00,無,無
12/19/2020 16:32:35,豪香熱炒,公館地區,"中餐, 晚餐",中式,02-2362-5977,台北市 大安區 羅斯福路三段333巷7號,3.8,是,"11:00~15:00, 17:00~21:30",是,"11:00~15:00, 17:00~21:30",是,"11:00~15:00, 17:00~21:30",是,"11:00~15:00, 17:00~21:30",是,"11:00~15:00, 17:00~21:30",是,"11:00~15:00, 17:00~21:30",是,"11:00~15:00, 17:00~21:30",無,有
12/19/2020 16:35:43,蒙娜家廚,溫州街,"中餐, 晚餐",中式,0952-051-353,台北市大安區溫州街74巷14號1樓,4.3,是,12:00~21:00,是,12:00~21:00,是,12:00~21:00,是,12:00~21:00,是,12:00~21:00,是,12:00~21:00,是,12:00~21:00,無,無
12/19/2020 16:38:48,七里亭茶食館,118巷,"中餐, 晚餐",中式,02-2701-7727,台北市大安區瑞安街136號電話,4.2,否,,是,"11:00~15:00, 17:00~21:00",是,"11:00~15:00, 17:00~21:00",是,"11:00~15:00, 17:00~21:00",是,"11:00~15:00, 17:00~21:00",是,"11:00~15:00, 17:00~21:00",是,"11:00~15:00, 17:00~21:00",無,有
12/19/2020 16:43:58,七里亭,溫州街,"中餐, 晚餐",中式,,台北市大安區復興南路二段358號, 02-2391-6792,是,"11:00~15:30, 17:00~21:30",是,"11:00~15:30, 17:00~21:30",是,"11:00~15:30, 17:00~21:30",是,"11:00~15:30, 17:00~21:30",是,"11:00~15:30, 17:00~21:30",是,"11:00~15:30, 17:00~21:30",是,"11:00~15:30, 17:00~21:30",無,有
12/19/2020 16:47:13,柒食貳,溫州街,"中餐, 晚餐",中式,02-3365-3206,106台北市大安區溫州街72號,4.1,是,"11:00~15:15, 17:00~22:00",是,"11:00~15:15, 17:00~22:00",是,"11:00~15:15, 17:00~22:00",是,"11:00~15:15, 17:00~22:00",是,"11:00~15:15, 17:00~22:00",是,"11:00~15:15, 17:00~21:00",是,"11:00~15:15, 17:00~21:30",無,有
12/19/2020 16:51:02,小飯廳,公館地區,"中餐, 晚餐",中式,02-2363-7060,台北市大安區羅斯福路三段333巷6號,3.8,是,"11:30~15:00, 17:00~21:00",是,"11:30~15:00, 17:00~21:00",是,"11:30~15:00, 17:00~21:00",是,"11:30~15:00, 17:00~21:00",是,"11:30~15:00, 17:00~21:00",是,"11:30~15:00, 17:00~21:00",是,"11:30~15:00, 17:00~21:00",無,無
12/19/2020 16:53:30,阿英滷肉飯,溫州街,"中餐, 晚餐",中式,02-2368-9927,台北市台北市溫州街74巷5弄1號,3.6,是,"11:30~13:30, 17:30~20:00",是,"11:30~13:30, 17:30~20:00",是,"11:30~13:30, 17:30~20:00",是,"11:30~13:30, 17:30~20:00",是,"11:30~13:30, 17:30~20:00",否,,是,"11:30~13:30, 17:30~20:00",無,無
12/19/2020 16:58:28,五福餃子,偏鄉,"中餐, 晚餐",水餃, 02-2765-6507,台北市信義區基隆路一段147巷34-2號,3.8,是,"11:00~14:30, 17:00~20:00",是,"11:00~14:30, 17:00~20:00",是,"11:00~14:30, 17:00~20:00",是,"11:00~14:30, 17:00~20:00",是,"11:00~14:30, 17:00~20:00",是,"11:00~14:30, 17:00~20:00",否,,無,有
12/19/2020 17:01:48,全家喜湯包,公館地區,"中餐, 晚餐",水餃,02-2362-6726,台大卓越聯合大樓2樓,3.9,是,"10:00~14:00, 16:00~19:00",是,"10:00~14:00, 16:00~19:00",是,"10:00~14:00, 16:00~19:00",是,"10:00~14:00, 16:00~19:00",是,"10:00~14:00, 16:00~19:00",是,"10:00~14:00, 16:00~19:00",是,"10:00~14:00, 16:00~19:00",無,無
12/19/2020 17:04:59,阿玉水餃（生水餃專賣）,118巷,,水餃,02-2736-5875,台北市大安區辛亥路二段217號,4.3,是,8:00~20:00,是,8:00~20:00,是,8:00~20:00,是,8:00~20:00,是,8:00~20:00,是,8:00~20:00,是,8:00~20:00,無,無
12/19/2020 17:07:14,四面八方,118巷,"中餐, 晚餐",水餃,02-2378-8708,106台北市大安區復興南路二段340巷10號,4.2,是,11:00~21:00,是,11:00~21:00,是,11:00~21:00,是,11:00~21:00,是,11:00~21:00,是,11:00~21:00,是,11:00~21:00,無,無
12/19/2020 17:09:04,大李水餃,118巷,"中餐, 晚餐",水餃,02-2738-4180,台北市大安區和平東路二段118巷54弄35號,3.8,是,"11:00~14:00, 17:00~20:00",是,"11:00~14:00, 17:00~20:00",是,"11:00~14:00, 17:00~20:00",是,"11:00~14:00, 17:00~20:00",是,"11:00~14:00, 17:00~20:00",是,"11:00~14:00, 17:00~20:00",否,,無,無
12/19/2020 17:12:58,李記水餃,118巷,"中餐, 晚餐",水餃,02-2736-7202,台北市大安區和平東路2段118巷54弄1號,3.7,是,"11:00 ~ 14:00, 17:00 ~ 20:00 ",是,"11:00 ~ 14:00, 17:00 ~ 20:00 ",是,"11:00 ~ 14:00, 17:00 ~ 20:00 ",是,"11:00 ~ 14:00, 17:00 ~ 20:00 ",是,"11:00 ~ 14:00, 17:00 ~ 20:00 ",是,"11:00 ~ 14:00, 17:00 ~ 20:00 ",是,"11:00 ~ 14:00, 17:00 ~ 20:00 ",無,無
12/19/2020 17:16:35,八方雲集 (台大店),公館地區,"中餐, 晚餐",水餃,02-2362-5189,台北市 大安區 羅斯福路3段333巷9號1樓,3.5,是,10:30~21:00,是,10:30~21:00,是,10:30~21:00,是,10:30~21:00,是,10:30~21:00,是,10:30~21:00,是,10:30~21:00,無,無
12/19/2020 19:56:42,大鼎饍食湯麵館,公館地區,"中餐, 晚餐",中式,0972-758-508,台北市中正區羅斯福路4段24巷12弄4號1樓,4.3,是,11:30~21:00,是,11:30~21:00,是,11:30~21:00,是,11:30~21:00,是,11:30~21:00,是,11:30~21:00,是,11:30~21:00,無,無
12/19/2020 19:58:59,麻辣巴蕾正宗重慶酸辣粉,公館地區,"中餐, 晚餐",小吃,02-2368-7779,北市中正區汀州路三段183號,3.9,是,11:30~09:30,是,11:30~09:30,是,11:30~09:30,是,11:30~09:30,是,11:30~10:00,是,11:30~10:00,是,11:30~10:00,無,無
12/19/2020 20:02:06,台南意麵※羊肉乾麵,公館地區,中餐,小吃,0976-833-313,台北市中正區羅斯福路三段286巷298號,3.6,是,11:30~13:00,是,11:30~13:00,是,11:30~13:00,是,11:30~13:00,是,11:30~13:00,是,11:30~13:00,是,11:30~22:00,無,無
12/19/2020 20:04:02,維綸麵食館,公館地區,"中餐, 晚餐",中式,02-2368-2634,台北市中正區汀州路三段279號,3.8,是,"11:00~14:00, 17:00~21:00",是,"11:00~14:00, 17:00~21:00",否,,是,"11:00~14:00, 17:00~21:00",是,"11:00~14:00, 17:00~21:00",是,"11:00~14:00, 17:00~21:00",是,"11:00~14:00, 17:00~21:00",無,有
12/19/2020 20:07:21,麥子磨麵台大店,公館地區,"中餐, 晚餐",中式,02-2364-8685,台北市大安區羅斯福路三段283巷22號.,3.8,是,"11:30~14:30, 17:00~20:30",是,"11:30~14:30, 17:00~20:30",是,"11:30~14:30, 17:00~20:30",是,"11:30~14:30, 17:00~20:30",是,"11:30~14:30, 17:00~20:30",是,"11:30~14:30, 17:00~20:30",是,"11:00~14:30, 17:00~20:30",無,無
12/19/2020 20:09:59,大聲公 台大牛肉麵店,溫州街,"中餐, 晚餐",中式,02-2363-9800,台北市新生南路三段54-6號1樓,3.8,否,,是,"11:30~15:00, 17:00~21:00",是,"11:30~15:00, 17:00~21:00",是,"11:30~15:00, 17:00~21:00",是,"11:30~15:00, 17:00~21:00",是,"11:30~15:00, 17:00~21:00",是,"11:30~15:00, 17:00~21:00",無,無
12/19/2020 20:12:31,彩椒廚房,溫州街,"中餐, 晚餐",素食, 02-2368-3677,台北市大安區溫州街74巷5弄1號,3.7,是,"11:00~13:45, 17:00~20:20",是,"11:00~13:45, 17:00~20:20",是,"11:00~13:45, 17:00~20:20",是,"11:00~13:45, 17:00~20:20",是,"11:00~13:45, 17:00~20:20",是,"11:00~13:45, 17:00~20:20",是,"11:00~13:45, 17:00~20:20",有,有
12/19/2020 20:14:59,尚家香雲南料理,公館地區,"中餐, 晚餐",東南亞料理,02-2368-6231,台北市中正區汀洲路三段107號,4.3,是,"11:30~14:30, 16:30~20:30",是,"11:30~14:30, 16:30~20:30",是,"11:30~14:30, 16:30~20:30",是,"11:30~14:30, 16:30~20:30",是,"11:30~14:30, 16:30~20:30",是,"11:30~14:30, 16:30~20:30",是,"11:30~14:30, 16:30~20:30",無,有
12/19/2020 20:19:22,台大多多小吃,溫州街,"中餐, 晚餐",小吃,02-2391-5039,台北市大安區溫州街70號1樓,,是,"11:00~14:00, 17:00~20:00",是,"11:00~14:00, 17:00~20:00",是,"11:00~14:00, 17:00~20:00",是,"11:00~14:00, 17:00~20:00",是,"11:00~14:00, 17:00~20:00",是,"11:00~14:00, 17:00~20:00",是,"11:00~14:00, 17:00~20:00",無,無
12/19/2020 20:23:04,雲香亭（閃麵）,溫州街,"中餐, 晚餐",東南亞料理,02-2362-8806,台北市大安區新生南路三段100號2樓,4.6,是,"11:30~15:00, 17:00~20:30",是,"11:30~15:00, 17:00~20:30",是,"11:30~15:00, 17:00~20:30",是,"11:30~15:00, 17:00~20:30",是,"11:30~15:00, 17:00~20:30",是,"11:30~15:00, 17:00~20:30",是,"11:30~15:00, 17:00~20:30",有,無
12/19/2020 20:26:18,海賊食堂,公館地區,"中餐, 晚餐",中式,02-2369-9999,台北市大安區羅斯福路三段283巷19弄2號,3.7,是,11:00~22:00,是,11:00~22:00,是,11:00~22:00,是,11:00~22:00,是,11:00~22:00,是,11:00~22:00,是,11:00~22:00,無,有
12/19/2020 20:28:36,蔣記家薌麵,偏鄉,"中餐, 晚餐",中式,02-2707-6012,台北市大安區四維路208巷18之1號,4.2,是,"11:30~14:30, 17:30~20:30",是,"11:30~14:30, 17:30~20:30",是,"11:30~14:30, 17:30~20:30",是,"11:30~14:30, 17:30~20:30",是,"11:30~14:30, 17:30~20:30",是,"11:30~14:30, 17:30~20:30",是,"11:30~14:30, 17:30~20:30",無,無
12/19/2020 20:31:09,香鄉麵食館,公館地區,"中餐, 晚餐",中式,02-2367-6490,台北市中正區汀洲路三段133號,3.8,是,11:00~22:00,是,11:00~22:00,是,11:00~22:00,是,11:00~22:00,是,11:00~22:00,是,11:00~22:00,是,11:00~22:00,無,無
12/19/2020 20:33:30,至香園沙茶牛肉乾麵,溫州街,"中餐, 晚餐",中式,02-2369-2446,台北市大安區新生南路三段86巷15號,3.9,是,"11:30~14:00, 17:30~20:30",是,"11:30~14:00, 17:30~20:30",是,"11:30~14:00, 17:30~20:30",是,11:30~14:00,是,"11:30~14:00, 17:30~20:30",是,"11:30~14:00, 17:30~20:30",是,"11:30~14:00, 17:30~20:30",無,有
12/19/2020 20:36:57,真善美牛肉麵,偏鄉,"中餐, 晚餐",中式,02-2377-8866,台北市大安區安居街47號,4.3,否,,是,"11:00~14:30, 17:20~21:00",是,"11:00~14:30, 17:20~21:00",是,"11:00~14:30, 17:20~21:00",是,"11:00~14:30, 17:20~21:00",是,"11:00~14:30, 17:20~21:00",是,"11:00~14:30, 17:20~21:00",無,有
12/19/2020 20:41:43,滬上雞庄麵食館（樂業店）,偏鄉,"中餐, 晚餐",中式, 02-8732-8606,台北市大安區樂業街106號,4.4,是,"11:30~14:30, 17:30~20:30",是,"11:30~14:30, 17:30~20:30",是,"11:30~14:30, 17:30~20:30",是,"11:30~14:30, 17:30~20:30",是,"11:30~14:30, 17:30~20:30",是,"11:30~14:30, 17:30~20:30",否,,無,有
12/19/2020 20:42:24,滬上雞莊麵食館（樂業店）,偏鄉,"中餐, 晚餐",中式, 02-8732-8606,台北市大安區樂業街106號,4.4,是,"11:30~14:30, 17:30~20:30",是,"11:30~14:30, 17:30~20:30",是,"11:30~14:30, 17:30~20:30",是,"11:30~14:30, 17:30~20:30",是,"11:30~14:30, 17:30~20:30",是,"11:30~14:30, 17:30~20:30",否,,無,有
12/19/2020 20:44:13,虹岩屋,公館地區,"中餐, 晚餐",中式,02-2365-8377,台北市中正區羅斯福路四段92號 水源市場大樓一F,4,否,,是,11:00~19:55,是,11:00~19:55,是,11:00~19:55,是,11:00~19:55,是,11:00~19:55,是,11:00~19:55,無,無
12/19/2020 20:46:20,好好吃麵,118巷,"中餐, 晚餐",小吃, 0930-661-461,台北市大安區和平東路二段118巷5號,4.8,是,"11:30~14:00, 17:00~20:00",是,"11:30~14:00, 17:00~20:00",是,"11:30~14:00, 17:00~20:00",是,"11:30~14:00, 17:00~20:00",是,"11:30~14:00, 17:00~20:00",否,,否,,無,無
12/19/2020 20:49:17,五九麵館,118巷,"中餐, 晚餐",中式,02-2736-6759,台北市大安區和平東路二段118巷59號,,是,"11:00~14:00, 17:00~22:00",是,"11:00~14:00, 17:00~22:00",是,"11:00~14:00, 17:00~22:00",是,"11:00~14:00, 17:00~22:00",是,"11:00~14:00, 17:00~22:00",是,"11:00~14:00, 17:00~22:00",否,,無,無
12/19/2020 20:55:09,溏老鴨平價小火鍋,溫州街,"中餐, 晚餐",火鍋,02-2362-6016,台北市大安區新生南路三段70巷3號,4.4,是,"11:40~15:00,17:00~22:00",是,"11:40~15:00,17:00~22:00",是,"11:40~15:00,17:00~22:00",是,"11:40~15:00,17:00~22:00",是,"11:40~15:00,17:00~22:00",是,"11:40~15:00,17:00~22:00",是,"11:40~15:00,17:00~22:00",有,無
12/19/2020 20:57:45,老先覺功夫窯燒鍋台北公館店,溫州街,"中餐, 晚餐",火鍋,02-2363-2588,台北市大安區羅斯福路三段283巷18號,3.9,是,11:30~22:00,是,11:30~22:00,是,11:30~22:00,是,11:30~22:00,是,11:30~22:00,是,11:30~22:00,是,11:30~22:00,有,有
12/19/2020 21:01:43,集客人間茶館-台大店,溫州街,"中餐, 晚餐, 宵夜",火鍋, 02-2367-1768,台北市大安區羅斯福路三段333巷18號,4.2,是,11:00~22:00,是,11:00~22:00,是,11:00~22:00,是,11:00~22:00,是,11:00~23:00,是,11:00~23:00,是,11:00~22:00,有,有
12/19/2020 21:05:16,莫宰羊-大安台大店,溫州街,"中餐, 晚餐, 宵夜",火鍋,02-2369-1466,台北市大安區新生南路三段28號,4.2,是,"11:00~14:00, 17:00~01:00",是,"11:00~14:00, 17:00~01:00",是,"11:00~14:00, 17:00~01:00",是,"11:00~14:00, 17:00~01:00",是,"11:00~14:00, 17:00~01:00",是,"11:00~14:00, 17:00~01:00",是,"11:00~14:00, 17:00~01:00",有,有
12/19/2020 21:43:53,一鍋燒《暖胃暖心小火鍋》,118巷,"中餐, 晚餐",火鍋,02-2732-1649, 臺北市和平東路二段118巷4弄2號,無,是,11:00~21:00,是,11:00~21:00,是,11:00~21:00,是,11:00~21:00,是,11:00~21:00,是,11:00~21:00,是,11:00~21:00,有,有
12/19/2020 22:13:18,依依平價小火鍋,118巷,"中餐, 晚餐",火鍋,02-2378-7979,台北市大安區辛亥路二段161號,3.8,是,"11:00~14:00,17:00~21:00",是,"11:00~14:00,17:00~21:00",是,"11:00~14:00,17:00~21:00",是,"11:00~14:00,17:00~21:00",是,"11:00~14:00,17:00~21:00",是,"11:00~14:00,17:00~21:00",是,"11:00~14:00,17:00~21:00",有,有
12/19/2020 22:21:36,就是幸福鍋物,118巷,"中餐, 晚餐",火鍋,02-2738-5202,台北市大安區和平東路二段96巷17弄28號,4.7,是,"11:00~14:00,17:00~20:00",是,"11:00~14:00,17:00~20:00",是,"11:00~14:00,17:00~20:00",是,"11:00~14:00,17:00~20:00",是,"11:00~14:00,17:00~20:00",否,,,17:00~20:00,有,有
12/19/2020 22:30:23,三媽臭臭鍋 樂業店,偏鄉,"中餐, 晚餐",火鍋,02-2732-2217,台北市大安區臥龍街151巷33號1樓,3.8,是,11:30~21:00,是,11:30~21:00,是,11:30~21:00,是,11:30~21:00,是,11:30~21:00,是,11:30~21:00,是,11:30~21:00,有,有
12/19/2020 22:35:02,鍋in百元風味火鍋,公館地區,"中餐, 晚餐",火鍋, 02-2367-0672,台北市中正區汀州路三段196號,3.8,是,11:00~23:45,是,11:00~23:45,是,11:00~23:45,是,11:00~23:45,是,11:00~23:45,是,11:00~23:45,是,11:00~23:45,有,有
12/19/2020 22:40:20,三媽臭臭鍋-公館店,公館地區,"中餐, 晚餐, 宵夜",火鍋,02-2365-6336,台北市中正區汀州路三段206號,2.6,是,"10:30~14:00,16:30~23:00",是,"10:30~14:00,16:30~23:00",是,"10:30~14:00,16:30~23:00",是,"10:30~14:00,16:30~23:00",是,"10:30~14:00,16:30~23:00",是,"10:30~14:00,16:30~23:00",是,"10:30~14:00,16:30~23:00",有,有
12/19/2020 22:45:11,鍋in百元風味火鍋,公館地區,"中餐, 晚餐, 宵夜",火鍋,02-2367-0672,台北市中正區汀州路三段196號,3.8,是,11:00~23:45,是,11:00~23:45,是,11:00~23:45,是,11:00~23:45,是,11:00~23:45,是,11:00~23:45,是,11:00~23:45,有,有
12/19/2020 22:50:51,12MINI經典即享鍋-捷運公館店,公館地區,"中餐, 晚餐, 宵夜",火鍋, 02-2366-1877,台北市中正區羅斯福路三段316巷14號,4,是,11:00~22:30,是,11:00~22:30,是,11:00~22:30,是,11:00~22:30,是,11:00~23:00,是,11:00~23:00,是,11:00~23:00,有,無
12/19/2020 22:54:57,無鍋不樂,公館地區,"中餐, 晚餐",火鍋,02-2368-1330,台北市中正區羅斯福路四段78巷1弄3號,4.1,否,,是,"11:30~15:00,17:00~22:00",是,"11:30~15:00,17:00~22:00",是,"11:30~15:00,17:00~22:00",是,"11:30~15:00,17:00~22:00",是,11:30~22:00,是,11:30~22:00,有,有
12/19/2020 22:58:04,魯山人和風壽喜燒鍋物,公館地區,"中餐, 晚餐",火鍋, 02-2363-0339,台北市大安區羅斯福路四段85號,3.7,是,11:00~22:00,是,11:00~22:00,是,11:00~22:00,是,11:00~22:00,是,11:00~22:00,是,11:00~22:00,是,11:00~22:00,有,有
12/19/2020 23:00:08,辛殿麻辣鍋-公館店,118巷,"中餐, 晚餐, 宵夜",火鍋,02-7733-7667,台北市中正區羅斯福路三段316巷9弄1號,4.1,是,11:30~01:30,是,11:30~01:30,是,11:30~01:30,是,11:30~01:30,是,11:30~01:30,是,11:30~01:30,是,11:30~01:30,有,有
12/19/2020 23:01:42,馬辣頂級麻辣鴛鴦火鍋,公館地區,"中餐, 晚餐, 宵夜",火鍋,02-2365-7625,台北市中正區汀州路三段86號,4.1,是,11:30~04:00,是,11:30~04:00,是,11:30~04:00,是,11:30~04:00,是,11:30~04:00,是,11:30~04:00,是,11:30~04:00,有,有
12/19/2020 23:03:39,新馬辣經典麻辣鍋-公館店,公館地區,"中餐, 晚餐, 宵夜",火鍋,02-2364-6215,台北市中正區汀州路三段295號,4.4,是,11:30~02:00,是,11:30~02:00,是,11:30~02:00,是,11:30~02:00,是,11:30~01:30,是,11:30~02:00,是,11:30~02:00,有,有
12/19/2020 23:06:53,東吉水產超市火鍋-公館店,公館地區,"中餐, 晚餐, 宵夜",火鍋,02-2362-0330,台北市中正區汀州路三段92號,4.1,是,11:30~00:00,是,11:30~00:00,是,11:30~00:00,是,11:30~00:00,是,11:30~00:00,是,11:30~00:00,是,11:30~00:00,有,有
12/19/2020 23:09:26,宮綺308火鍋,公館地區,"中餐, 晚餐",火鍋,02-2367-8366,台北市中正區汀州路三段283號,4.3,是,11:30~21:30,是,11:30~21:30,是,11:30~21:30,是,11:30~21:30,是,11:30~21:30,是,11:30~21:30,是,11:30~21:30,有,有
12/20/2020 10:06:10,藍家割包,公館地區,"中餐, 晚餐, 宵夜",小吃,02-2368-2060,100台北市中正區羅斯福路三段316巷8弄3號,4,是,11:00–23:00,是,11:00–23:00,是,11:00–23:00,是,11:00–23:00,是,11:00–23:00,是,11:00–23:00,是,11:00–23:00,無,無
12/20/2020 10:07:36,劉家水煎包,公館地區,"早餐, 中餐, 晚餐, 宵夜",小吃,,100台北市中正區汀州路三段189號,3.5,是,05:30–22:30,是,05:30–22:30,是,05:30–22:30,是,05:30–22:30,是,05:30–22:30,是,05:30–22:30,是,05:30–22:30,無,無
12/20/2020 10:09:28,大學口胡椒餅,公館地區,"中餐, 晚餐",小吃,02-2363-2181,"號, No. 2-1羅斯福路三段333巷大安區台北市106",3.4,是,12:00–21:00,是,12:00–21:00,是,12:00–21:00,是,12:00–21:00,是,12:00–21:00,是,12:00–21:00,是,12:00–21:00,無,無
12/20/2020 10:11:48,公館108巷 章魚燒 蝦仁燒,公館地區,"晚餐, 宵夜",小吃,0919-265-259,10091台北市中正區羅斯福路四段108巷2號,4.1,是,15:00–23:00,是,15:00–23:00,是,15:00–23:00,是,15:00–23:00,是,15:00–23:00,是,15:00–23:00,是,15:00–23:00,無,無
12/20/2020 10:13:16,晴光紅豆餅,公館地區,"中餐, 晚餐",小吃,02-2364-9865,100台北市大安區汀州路三段255號,4.1,是,12:00–22:00,是,12:00–22:00,是,12:00–22:00,是,12:00–22:00,是,12:00–22:00,是,12:00–22:00,是,12:00–22:00,無,無
12/20/2020 10:15:21,雄記蔥抓餅,公館地區,"晚餐, 宵夜",小吃,0932-948-003,100台北市中正區羅斯福路四段108巷2號,4.5,是,16:00–00:00,是,16:00–00:00,否,休息,是,16:00–00:00,是,16:00–00:00,是,16:00–00:00,是,16:00–00:00,無,無
12/20/2020 10:17:43,小木屋鬆餅,公館地區,"早餐, 中餐, 晚餐",小吃,02-8369-5722,106台北市大安區羅斯福路四段1號,4.2,是,07:30–19:30,是,07:30–19:30,是,07:30–19:30,是,07:30–19:30,是,07:30–19:30,是,09:00–18:30,是,09:00–18:30,無,無
12/20/2020 10:19:53,巴克斯韭菜盒子&蛋餅,公館地區,"早餐, 中餐, 晚餐",小吃,0972-003-955,100台北市中正區羅斯福路三段316巷8弄14號,4.4,是,07:00–21:00,是,07:00–21:00,是,07:00–21:00,是,07:00–21:00,是,07:00–21:00,是,07:00–21:00,是,07:00–21:00,無,無
12/20/2020 10:21:32,素食地瓜球,公館地區,"晚餐, 宵夜",小吃,0987-074-426,100台北市中正區羅斯福路四段108巷8-1號,4,是,15:30–22:30,是,15:30–22:30,否,休息,是,15:30–22:30,是,15:30–22:30,是,15:30–22:30,是,15:30–22:30,無,無
12/20/2020 10:24:23,帕兔,公館地區,"早餐, 中餐, 晚餐",小吃,02-2362-7055,106台北市大安區學府里,4.3,是,08:00–19:00,是,08:00–19:00,是,08:00–19:00,是,08:00–19:00,是,08:00–19:00,否,休息,否,休息,無,無
12/20/2020 10:26:47,師大附中水煎包,118巷,早餐,小吃,02-8732-4536,106台北市大安區和平東路二段118巷63號,4.2,是,06:30–11:00,是,06:30–11:00,是,06:30–11:00,是,06:30–11:00,是,06:30–11:00,是,06:30–11:00,是,06:30–11:00,無,無
12/20/2020 10:29:03,松田日式飯糰,118巷,"早餐, 中餐, 晚餐",小吃,02-2736-8825,106台北市大安區和平東路二段118巷5號,4.6,是,"07:15–14:00, 17:00–19:00",是,"07:15–14:00, 17:00–19:00",是,"07:15–14:00, 17:00–19:00",是,"07:15–14:00, 17:00–19:00",是,"07:15–14:00, 17:00–19:00",是,07:30–11:00,否,休息,無,無
12/20/2020 10:30:26,忠誠山東蔥油餅 - 此燈亮有餅,118巷,"中餐, 晚餐",小吃,02-2735-2821,106台北市大安區和平東路二段118巷44號,4.1,是,11:00–20:30,是,11:00–20:30,是,11:00–20:30,是,11:00–20:30,否,休息,是,11:00–20:30,是,11:00–20:30,無,無
12/20/2020 10:31:56,兩點紅豆餅,公館地區,"中餐, 晚餐",小吃,02-2367-0414,100台北市中正區汀州路三段185號,4.1,是,12:00–21:00,是,12:00–21:00,是,12:00–21:00,是,12:00–21:00,是,12:00–21:00,是,12:00–21:00,是,12:00–21:00,無,無
12/20/2020 10:33:48,蒸夠臭素食蒸臭豆腐,公館地區,"中餐, 晚餐",小吃,,100台北市中正區羅斯福路三段244巷2弄2號,4.3,是,"11:30–14:00, 17:00–21:00",是,"11:30–14:00, 17:00–21:00",是,"11:30–14:00, 17:00–21:00",是,"11:30–14:00, 17:00–21:00",是,"11:30–14:00, 17:00–21:00",是,"11:30–14:00, 17:00–21:00",是,"11:30–14:00, 17:00–21:00",無,無
12/20/2020 10:35:19,雄記蔥抓餅,公館地區,"晚餐, 宵夜",小吃,0932-948-003,100台北市中正區羅斯福路四段108巷2號,4.5,是,16:00–00:00,是,16:00–00:00,否,休息,是,16:00–00:00,是,16:00–00:00,是,16:00–00:00,是,16:00–00:00,無,無
12/20/2020 10:36:55,八年得麻辣專賣店,公館地區,"中餐, 晚餐, 宵夜",小吃,,100台北市中正區羅斯福路三段316巷8弄2號,2.9,是,12:00–00:00,否,休息,是,12:00–00:00,是,12:00–00:00,是,12:00–00:00,是,12:00–00:00,是,12:00–00:00,無,無
12/20/2020 18:42:22,麵工坊義大利麵-大安店,公館地區,"中餐, 晚餐",西式(非義式法式美式者),02-2377-6186,台北市大安區和平東路二段118巷2弄1號1樓,4,是,"11:30~15:00,17:30~20:30",是,"11:30~15:00,17:30~20:30",是,"11:30~15:00,17:30~20:30",是,"11:30~15:00,17:30~20:30",是,"11:30~15:00,17:30~20:30",是,"11:30~15:00,17:30~20:30",是,"11:30~15:00,17:30~20:30",有,有
12/20/2020 18:46:10,Ville Cafe,公館地區,"中餐, 晚餐",西式(非義式法式美式者),02-2367-0279,台北市中正區羅斯福路三段284巷5號,3.8,是,11:30~21:30,是,11:30~21:30,是,11:30~21:30,是,11:30~21:30,是,11:30~21:30,是,11:30~21:30,是,11:30~21:30,有,有
12/20/2020 18:48:03,窩巷弄,公館地區,"中餐, 晚餐",西式(非義式法式美式者),02-2363-0313,台北市中正區羅斯福路四段78巷1弄11號,3.9,是,11:00~21:00,是,11:00~21:00,是,11:00~21:00,是,11:00~21:00,是,11:00~21:00,是,11:00~21:00,是,11:00~21:00,有,有
12/20/2020 18:50:31,Bravo Burger發福廚房公館台大店,公館地區,"中餐, 晚餐",西式(非義式法式美式者), 02-2367-3323,台北市中正區羅斯福路四段44之1號2樓,4.1,是,11:30~21:30,是,11:30~21:30,是,11:30~21:30,是,11:30~21:30,是,11:30~22:00,是,11:30~22:00,是,11:30~21:30,有,有
12/20/2020 18:52:21,L.A.F BURGER 拉芙漢堡,公館地區,"中餐, 晚餐",西式(非義式法式美式者), 02-2362-1092,台北市中正區汀州路三段293號2F,4.2,是,"11:30~14:30,17:30~21:30",是,"11:30~14:30,17:30~21:30",是,"11:30~14:30,17:30~21:30",是,"11:30~14:30,17:30~21:30",是,"11:30~14:30,17:30~21:30",是,11:30~22:00,是,11:30~22:00,有,有
12/20/2020 18:54:15,貳樓餐廳Second Floor Cafe-公館店,公館地區,"早餐, 中餐, 晚餐",西式(非義式法式美式者),02-2364-1666,台北市中正區羅斯福路三段316巷9弄7號,4,是,10:00~22:00,是,10:00~22:00,是,10:00~22:00,是,10:00~22:00,是,10:00~22:30,是,10:00~22:30,是,08:00~22:00,有,有
12/20/2020 18:55:47,費斯達香草洋食館,公館地區,"中餐, 晚餐",西式(非義式法式美式者),02-2365-0065,台北市中正區羅斯福路三段316巷8弄14號,3.5,是,"12:00~14:30,17:30~21:30",是,"12:00~14:30,17:30~21:30",是,"12:00~14:30,17:30~21:30",是,"12:00~14:30,17:30~21:30",是,"12:00~14:30,17:30~21:30",是,"12:00~14:30,17:30~21:30",是,"12:00~14:30,17:30~21:30",有,有
12/20/2020 18:58:29,蘇活義大利麵坊,公館地區,"中餐, 晚餐",西式(非義式法式美式者),02-3365-3208,台北市大安區新生南路三段60巷3號,4.2,是,"11:30~14:30,17:00~21:30",是,"11:30~14:30,17:00~21:30",是,"11:30~14:30,17:00~21:30",是,"11:30~14:30,17:00~21:30",是,"11:30~14:30,17:00~21:30",是,"11:30~14:30,17:00~21:30",是,"11:30~14:30,17:00~21:30",有,有
12/20/2020 19:01:18,蘇活義大利麵坊,溫州街,"中餐, 晚餐",西式(非義式法式美式者),02-3365-3208,台北市大安區新生南路三段60巷3號,4.2,是,"11:30~14:30,17:00~21:30",是,"11:30~14:30,17:00~21:30",是,"11:30~14:30,17:00~21:30",是,"11:30~14:30,17:00~21:30",是,"11:30~14:30,17:00~21:30",是,"11:30~14:30,17:00~21:30",是,"11:30~14:30,17:00~21:30",有,有
12/20/2020 19:02:59,轉轉發現義大利麵,溫州街,"中餐, 晚餐",西式(非義式法式美式者),02-2367-3721,台北市大安區新生南路三段86巷6號,3.1,是,"11:00~14:30,17:00~21:00",是,"11:00~14:30,17:00~21:00",是,"11:00~14:30,17:00~21:00",是,"11:00~14:30,17:00~21:00",是,"11:00~14:30,17:00~21:00",是,11:00~21:00,是,11:00~21:00,有,有
12/20/2020 19:05:15,瑪莉珍比薩-台大店,溫州街,"中餐, 晚餐",西式(非義式法式美式者),02-2365-5222,台北市大安區溫州街89號,4.2,是,"11:30~15:00,16:30~21:00",是,"11:30~15:00,16:30~21:00",是,"11:30~15:00,16:30~21:00",是,"11:30~15:00,16:30~21:00",是,"11:30~15:00,16:30~21:00",是,11:30~21:00,是,11:30~21:00,有,有
12/20/2020 19:07:06,POST霞飛驛歐法點餐,溫州街,"中餐, 晚餐",西式(非義式法式美式者),02-2363-3663,台北市大安區新生南路三段60巷8號,4.2,是,"11:00~14:30,17:00~21:30",是,"11:00~14:30,17:00~21:30",否,,是,"11:00~14:30,17:00~21:30",是,"11:00~14:30,17:00~21:30",是,11:00~21:30,是,11:00~21:30,有,有
12/20/2020 19:09:13,樹下蘇活,溫州街,"中餐, 晚餐",西式(非義式法式美式者),02-2368-3188,台北市大安區溫州街48-1號,4.7,是,11:30~22:00,否,,是,11:30~22:00,是,11:30~22:00,是,11:30~22:00,是,11:30~22:00,是,11:30~22:00,有,有
12/20/2020 19:10:44,感恩小館,溫州街,"中餐, 晚餐",西式(非義式法式美式者),02-2366-0580,台北市大安區新生南路三段56巷6號,4.2,否,,是,12:00~21:30,是,12:00~21:30,是,12:00~21:30,是,12:00~21:30,是,11:30~21:30,是,11:30~21:30,有,有
12/20/2020 19:13:05,Pasta 2 Go,溫州街,晚餐,西式(非義式法式美式者), 0900-235-486,台北市大安區新生南路三段72號,4.3,是,17:00~20:00,否,,是,17:00~20:00,是,17:00~20:00,是,17:00~20:00,是,17:00~20:00,是,"12:00~14:00,17:00~20:00",有,有
12/20/2020 19:14:50,Cafe Bastille,溫州街,"中餐, 晚餐, 宵夜",西式(非義式法式美式者), 02-3365-2775,台北市大安區溫州街91號,4,是,12:00~00:00,是,12:00~00:00,是,12:00~00:00,是,12:00~00:00,是,12:00~00:00,是,11:00~00:00,是,11:00~00:00,有,有
12/20/2020 19:17:05,左巴好室．好事,溫州街,"中餐, 晚餐",西式(非義式法式美式者),02-8369-1974,台北市大安區溫州街74巷1弄2號,4.5,是,11:00~22:00,是,11:00~22:00,是,11:00~22:00,是,11:00~22:00,是,11:00~22:00,是,10:00~22:00,是,10:00~22:00,有,有
12/20/2020 19:18:39,Ooh Cha Cha 自然食科技大樓 & Hooch,118巷,"中餐, 晚餐",西式(非義式法式美式者),02-2737-2994,台北市大安區和平東路二段118巷4-1號,4.4,是,10:00~22:00,是,10:00~22:00,是,10:00~22:00,是,10:00~22:00,是,10:00~22:00,是,10:00~22:00,是,10:00~22:00,有,有
12/20/2020 19:23:27,秘徑小食光,公館地區,"中餐, 晚餐",西式(非義式法式美式者),02-3365-1995,台北市大安區羅斯福路三段283巷3號,4.2,否,,是,10:00~21:00,是,10:00~21:00,是,10:00~21:00,是,10:00~21:00,是,10:00~21:00,是,10:00~21:00,有,有
12/20/2020 19:25:43,貝菈小屋,118巷,"中餐, 晚餐",西式(非義式法式美式者),02-2736-8478,台北市大安區辛亥路二段159號,4.4,是,"11:30~14:30,17:00~21:00",是,"11:30~14:30,17:00~21:00",是,"11:30~14:30,17:00~21:00",是,"11:30~14:30,17:00~21:00",是,"11:30~14:30,17:00~21:00",是,"11:30~14:30,17:00~21:00",是,"11:30~14:30,17:00~21:00",有,有
12/20/2020 19:28:07,I’m Pasta-和平店,118巷,"中餐, 晚餐",西式(非義式法式美式者),02-2735-3535,台北市大安區和平東路二段118巷50號,4.1,是,"11:00~15:30,17:00~20:30",是,"11:00~15:30,17:00~20:30",是,"11:00~15:30,17:00~20:30",是,"11:00~15:30,17:00~20:30",是,"11:00~15:30,17:00~20:30",是,"11:00~15:30,17:00~20:30",是,"11:00~15:30,17:00~20:30",有,有
12/20/2020 19:46:24,蘇草salvia,118巷,"中餐, 晚餐",西式(非義式法式美式者),02-2377-2289,台北市大安區辛亥路二段209號,4.4,是,10:00~21:00,是,10:00~21:00,是,10:00~21:00,是,10:00~21:00,是,10:00~21:00,是,10:00~21:00,是,10:00~21:00,有,有
12/20/2020 19:47:47,微笑廚房洋食館,118巷,"中餐, 晚餐",西式(非義式法式美式者),02-2736-3396,台北市大安區和平東路二段118巷54弄3號,4.1,是,"11:30~14:30,17:00~20:00",是,"11:30~14:30,17:00~20:00",是,"11:30~14:30,17:00~20:00",是,"11:30~14:30,17:00~20:00",是,"11:30~14:30,17:00~20:00",是,"11:30~14:30,17:00~20:00",否,,有,有
12/20/2020 19:49:13,3隻貓頭鷹文創,118巷,"中餐, 晚餐",西式(非義式法式美式者), 02-2377-0995,台北市大安區和平東路二段96巷15弄38號,4.1,是,11:00~21:00,是,11:00~21:00,是,11:00~21:00,是,11:00~21:00,是,11:00~21:00,是,09:00~21:30,是,09:00~21:30,有,有
12/20/2020 19:51:15,Toh-A 桌藏餐廳,118巷,"中餐, 晚餐, 宵夜",西式(非義式法式美式者),02-2377-0952,台北市大安區和平東路二段76巷23弄9號,4.4,是,"12:00~15:00,18:00~22:30",是,"12:00~15:00,18:00~22:30",是,"12:00~15:00,18:00~22:30",是,"12:00~15:00,18:00~22:30",是,"12:00~15:00,18:00~22:30",是,"12:00~15:00,18:00~22:30",是,"12:00~15:00,18:00~22:30",有,有
12/20/2020 19:53:26,格芮潘義式創意廚房,118巷,"中餐, 晚餐",西式(非義式法式美式者),02-2736-0222,台北市大安區和平東路二段118巷5-1號,3.6,是,"11:00~14:00,17:00~21:00",是,"11:00~14:00,17:00~21:00",是,"11:00~14:00,17:00~21:00",是,"11:00~14:00,17:00~21:00",是,"11:00~14:00,17:00~21:00",是,"11:00~14:00,17:00~21:00",是,"11:00~14:00,17:00~21:00",有,有
12/20/2020 19:56:53,Bistro O 避世所,偏鄉,"中餐, 晚餐, 宵夜",西式(非義式法式美式者),02-2363-7170,台北市大安區師大路49巷3號2樓,4.5,否,,否,,是,17:00~00:00,是,14:00~00:00,是,14:00~01:00,是,14:00~01:00,是,14:00~00:00,有,有
12/20/2020 19:58:15,inn cafe 師大店,偏鄉,"中餐, 晚餐",西式(非義式法式美式者),02-2369-0055,台北市大安區龍泉街7號,4.3,是,11:30~21:00,是,11:30~21:00,是,11:30~21:00,是,11:30~21:00,是,11:30~21:00,是,11:30~21:00,是,11:30~21:00,有,有
12/20/2020 22:08:01,好想吃冰,公館地區,"中餐, 晚餐",小吃,02-2366-0115,10648台北市大安區溫州街80號,4.3,是,12:00–21:00,是,12:00–21:00,是,12:00–21:00,是,12:00–21:00,是,12:00–21:00,是,12:00–21:00,是,12:00–21:00,無,無
12/20/2020 22:09:29,雪腐,公館地區,"中餐, 晚餐",小吃,02-2363-5200,100台北市中正區羅斯福路三段244巷21號,4.5,是,12:00–22:00,是,12:00–22:00,是,12:00–22:00,是,12:00–22:00,是,12:00–22:00,是,12:00–22:00,是,12:00–22:00,無,無
12/20/2020 22:11:14,Coco brownie,公館地區,"中餐, 晚餐",小吃,02-2366-1204,106台北市大安區羅斯福路三段283巷14弄16-1號,4.5,是,12:00–21:00,是,12:00–21:00,是,12:00–21:00,是,12:00–21:00,是,12:00–21:00,是,12:00–21:00,是,12:00–21:00,無,無
12/20/2020 22:12:47,鴉片粉圓,公館地區,"中餐, 晚餐, 宵夜",小吃,02-2369-3959,100台北市中正區羅斯福路四段52巷16弄4號,3.8,是,12:00–23:30,是,12:00–23:30,是,12:00–23:30,是,12:00–23:30,是,12:00–23:30,是,12:00–23:30,是,12:00–23:30,無,無
12/20/2020 22:14:15,台一牛奶大王,溫州街,"中餐, 晚餐, 宵夜",小吃,02-2363-4341,106台北市大安區新生南路三段82號,3.9,是,10:00–23:30,是,10:00–23:30,是,10:00–23:30,是,10:00–23:30,是,10:00–23:30,是,10:00–23:30,是,10:00–23:30,無,無
12/20/2020 22:17:00,豆花鄉泰順街創始店,偏鄉,"中餐, 晚餐",小吃,02-2369-1345,106台北市大安區泰順街48號,4.2,是,12:00–23:00,是,12:00–23:00,是,12:00–23:00,是,12:00–23:00,是,12:00–23:00,是,12:00–23:00,是,12:00–23:00,無,無
12/20/2020 22:23:49,幸福豆雲,溫州街,"中餐, 晚餐",小吃,02-2364-0119,106台北市大安區羅斯福路三段283巷36號,4.2,是,12:00–21:30,是,12:00–21:30,是,12:00–21:30,是,12:00–21:30,是,12:00–21:30,是,12:00–21:30,是,12:00–21:30,無,無
12/20/2020 22:25:35,龍潭豆花,公館地區,"中餐, 晚餐",小吃,0979-196-181,100台北市中正區汀州路三段239號,4.2,否,休息,是,12:00–22:00,是,12:00–22:00,是,12:00–22:00,是,12:00–22:00,是,12:00–22:00,是,12:00–22:00,無,無
12/20/2020 22:27:29,公館酒釀湯圓,公館地區,晚餐,小吃,02-2365-6718,100台北市中正區羅斯福路四段14號,3.8,是,14:00–21:00,是,14:00–21:00,是,14:00–21:00,是,14:00–21:00,是,14:00–21:00,是,14:00–21:00,是,14:00–21:00,無,無
12/20/2020 22:29:40,兩津芙蓉蛋塔-公館店,公館地區,"中餐, 晚餐",小吃,02-2365-7616,100台北市中正區羅斯福路三段316巷2號,4.5,是,11:00–20:00,是,11:00–20:00,是,11:00–20:00,是,11:00–20:00,是,11:00–20:00,是,11:00–20:00,是,11:00–20:00,無,無
12/20/2020 22:31:42,平安京茶事,偏鄉,"中餐, 晚餐",小吃,02-2368-2277,100台北市中正區師大路165號,4.1,是,12:30–21:00,否,休息,是,12:30–21:00,是,12:30–21:00,是,12:30–21:00,是,12:30–21:00,是,12:30–21:00,有,有
12/20/2020 22:33:24,flugel studio,溫州街,晚餐,小吃,0965-856-588,106台北市大安區辛亥路一段34巷3號一樓,4.4,是,14:00–19:00,否,休息,是,14:00–19:00,是,14:00–19:00,是,14:00–19:00,是,13:00–19:00,是,13:00–19:00,無,無
12/20/2020 22:34:42,金湯匙豆花,公館地區,"中餐, 晚餐",小吃,02-2369-9717,106台北市大安區羅斯福路三段333巷4號,4.5,是,11:00–21:00,是,11:00–21:00,是,11:00–21:00,是,11:00–21:00,是,11:00–21:00,是,11:00–21:00,是,11:00–21:00,無,無
12/20/2020 22:36:53,MANIA買你,118巷,"中餐, 晚餐",小吃,,106台北市大安區辛亥路二段207號,4.7,是,12:00–21:00,是,12:00–21:00,是,12:00–21:00,是,12:00–21:00,是,12:00–21:00,是,12:00–21:00,是,12:00–21:00,有,無
12/20/2020 22:38:01,搗飛豆花,118巷,"中餐, 晚餐",小吃,02-2735-4570,106台北市大安區和平東路二段118巷47號,4.2,是,12:00–22:30,是,12:00–22:30,是,12:00–22:30,是,12:00–22:30,是,12:00–22:30,是,12:00–22:30,是,12:00–22:30,無,無
12/22/2020 22:41:58,韓天閣,公館地區,"中餐, 晚餐",韓式,02-2368-0788,羅斯福路四段78巷1弄15號,3.9,是,"11:30~14:30, 17:00~21:30",是,"11:30~14:30, 17:00~21:30",是,"11:30~14:30, 17:00~21:30",是,"11:30~14:30, 17:00~21:30",是,"11:30~14:30, 17:00~21:30",是,"11:30~14:30, 17:00~21:30",是,"11:30~14:30, 17:00~21:30",無,有
12/22/2020 22:47:42,小飯館兒,公館地區,"中餐, 晚餐, 宵夜",韓式,,汀州路三段202號 ,4.1,是,"11:00~15:00, 16:30~22:30",否,,是,"11:00~15:00, 16:30~22:30",是,"11:00~15:00, 16:30~22:30",是,"11:00~15:00, 16:30~22:30",是,"11:00~15:00, 16:30~22:30",是,"11:00~15:00, 16:30~22:30",有,有
12/22/2020 22:51:44,韓庭州,溫州街,"中餐, 晚餐",韓式,02-8639-1302,溫州街87號,3.7,是,"11:00~14:30, 17:00~21:00",是,"11:00~14:30, 17:00~21:00",是,"11:00~14:30, 17:00~21:00",是,"11:00~14:30, 17:00~21:00",是,"11:00~14:30, 17:00~21:00",是,"11:00~14:30, 17:00~21:00",是,"11:00~14:30, 17:00~21:00",無,有
12/22/2020 22:56:02,韓喜堂,118巷,"中餐, 晚餐",韓式,02-2733-0268,和平東路二段118巷54弄29號,3.7,是,11:00~19:30,是,11:00~19:30,是,11:00~19:30,是,11:00~19:30,是,11:00~19:30,是,11:00~19:30,否,,無,有
12/22/2020 23:00:24,首爾之家,公館地區,"中餐, 晚餐",韓式,02-2368-1900,羅斯福路三段244巷10弄14號,3.9,否,,是,"11:00~14:30, 17:00~21:30",是,"11:00~14:30, 17:00~21:30",是,"11:00~14:30, 17:00~21:00",是,"11:00~14:30, 17:00~21:00",是,"11:00~14:30, 17:00~21:00",是,"11:00~14:30, 17:00~21:00",,
12/22/2020 23:04:29,韓江館,公館地區,"中餐, 晚餐, 宵夜",韓式, 02-2369-9688,羅斯福路三段316巷9弄6號,3.4,是,"11:30~15:00, 17:00~22:00",是,"11:30~15:00, 17:00~22:00",是,"11:30~15:00, 17:00~22:00",是,"11:30~15:00, 17:00~22:00",是,"11:30~15:00, 17:00~22:00",是,"11:30~15:30, 17:00~22:30",是,"11:30~15:30, 17:00~22:30",有,有
12/22/2020 23:09:16,揪食堂,118巷,"中餐, 晚餐",韓式,02-2733-7227,辛亥路二段171巷25號,,是,"11:30~14:30, 17:30~20:30 ",是,"11:30~14:30, 17:30~20:30 ",是,"11:30~14:30, 17:30~20:30 ",是,"11:30~14:30, 17:30~20:30 ",是,"11:30~14:30, 17:30~20:30 ",是,"11:30~14:30, 17:30~20:30 ",否,,,
12/22/2020 23:12:54,爭鮮迴轉壽司-台大店,溫州街,"中餐, 晚餐",日式,02-2364-0633,新生南路三段88-4號,3.8,是,11:00~21:30,是,11:00~21:30,是,11:00~21:30,是,11:00~21:30,是,11:00~21:30,是,11:00~21:30,是,11:00~21:30,無,有
12/22/2020 23:17:34,壽司郎,公館地區,"中餐, 晚餐, 宵夜",日式,02-2362-2766,羅斯福路四段68號2樓,4.1,是,11:00~22:30,是,11:00~22:30,是,11:00~22:30,是,11:00~22:30,是,11:00~22:30,是,11:00~22:30,是,11:00~22:30,無,有
12/22/2020 23:24:34,靜壽司,公館地區,"中餐, 晚餐",日式,0958-011-876,羅斯福路三段316巷2號,4.4,是,"11:00~14:00, 17:00~21:00",是,"11:00~14:00, 17:00~21:00",是,"11:00~14:00, 17:00~21:00",是,"11:00~14:00, 17:00~21:00",是,"11:00~14:00, 17:00~21:00",是,"11:00~14:00, 17:00~21:00",是,"11:00~14:00, 17:00~21:00",無,無
12/22/2020 23:27:17,漁人食鋪,溫州街,"中餐, 晚餐",日式,0932-064-034,羅斯福路三段283巷36號,4.1,否,,是,17:00~22:00,是,17:00~22:00,是,17:00~22:00,是,17:00~22:00,是,"12:00~14:30, 17:00~22:00",是,"12:00~14:30, 17:00~22:00",,有
12/22/2020 23:29:50,有意思居酒食堂,溫州街,"中餐, 晚餐, 宵夜",,02-2369-2589,新生南路三段86巷17號,4.4,是,"12:00~14:30, 17:30~23:30",是,"12:00~14:30, 17:30~23:30",是,"12:00~14:30, 17:30~23:30",是,"12:00~14:30, 17:30~23:30",是,"12:00~14:30, 17:30~23:30",是,"12:00~14:30, 17:30~23:30",是,"12:00~14:30, 17:30~23:30",無,有
12/22/2020 23:33:06,浩哥食邑,偏鄉,"中餐, 晚餐",日式,0967-085-091,羅斯福路五段25號,4.2,是,"11:30~14:00, 17:30~21:00",是,"11:30~14:00, 17:30~21:00",是,"11:30~14:00, 17:30~21:00",是,"11:30~14:00, 17:30~21:00",是,"11:30~14:00, 17:30~21:00",是,"11:30~14:00, 17:30~21:00",否,,無,
12/22/2020 23:36:03,朝日壽司,公館地區,"晚餐, 宵夜",日式,02-2362-2278,羅斯福路三段100之1號,4.6,否,,是,17:00~23:00,是,17:00~23:00,是,17:00~23:00,是,17:00~23:00,是,17:00~23:00,是,17:00~23:00,無,有
12/22/2020 23:39:45,泰街頭,溫州街,"中餐, 晚餐",東南亞料理,02-2367-6997,溫州街74巷6號,3.7,,"11:30~14:30, 17:00~21:00",是,"11:30~14:30, 17:00~21:00",是,"11:30~14:30, 17:00~21:00",是,"11:30~14:30, 17:00~21:00",是,"11:30~14:30, 17:00~21:00",是,"11:30~14:30, 17:00~21:00",是,"11:30~14:30, 17:00~21:00",無,有
12/22/2020 23:44:48,上賀麵食館,溫州街,"中餐, 晚餐",東南亞料理,02-2369-0728,羅斯福路三段333巷2-1號,4.1,是,11:00~22:30,是,11:00~22:30,是,11:00~22:30,是,11:00~22:30,是,11:00~22:30,是,11:00~22:30,是,11:00~22:30,無,無
12/22/2020 23:48:00,泰豐味,公館地區,"中餐, 晚餐",東南亞料理,02-2364-5766,羅斯福路四段78巷1弄7-1號,3.6,是,"11:00~14:00, 17:00~22:00",是,"11:00~14:00, 17:00~22:00",是,"11:00~14:00, 17:00~22:00",是,"11:00~14:00, 17:00~22:00",是,"11:00~14:00, 17:00~22:00",是,"11:00~14:00, 17:00~22:00",是,"11:00~14:00, 17:00~22:00",無,有
12/22/2020 23:52:21,曼谷燒,公館地區,"中餐, 晚餐",東南亞料理,02-2363-0081,羅斯福路三段286巷18號,4,是,"11:30~14:30, 17:00~21:00",是,"11:30~14:30, 17:00~21:00",是,"11:30~14:30, 17:00~21:00",否,,是,"11:30~14:30, 17:00~21:00",是,"11:30~14:30, 17:00~21:00",是,"11:30~14:30, 17:00~21:00",無,無
12/22/2020 23:55:35,母女的店,公館地區,"中餐, 晚餐",東南亞料理,02-2368-4300,羅斯福路三段286巷4弄10號,4.1,是,"11:30~14:00, 17:00~20:30",否,,是,"11:30~14:00, 17:00~20:30",否,,是,"11:30~14:00, 17:00~20:30",是,"11:30~14:00, 17:00~20:30",是,"11:30~14:00, 17:00~20:30",,
12/22/2020 23:59:21,翠薪越南美食,公館地區,"中餐, 晚餐",東南亞料理,02-2368-0254,羅斯福路四段24巷11號,4,是,"11:20~14:30, 17:20~21:00",是,"11:20~14:30, 17:20~21:00",否,,是,"11:20~14:30, 17:20~21:00",是,"11:20~14:30, 17:20~21:00",是,"11:20~14:30, 17:20~21:00",是,"11:20~14:30, 17:20~21:00",,有
12/23/2020 0:02:45,憶馬當鮮,118巷,"中餐, 晚餐",東南亞料理,02-2377-3899,和平東路二段118巷61號,4.2,是,"11:30~14:00, 17:00~20:00",是,"11:30~14:00, 17:00~20:00",是,"11:30~14:00, 17:00~20:00",是,"11:30~14:00, 17:00~20:00",是,"11:30~14:00, 17:00~20:00",否,,是,"11:30~14:00, 17:00~20:00",有,
12/23/2020 0:06:29,Lazy thai泰,118巷,"中餐, 晚餐",東南亞料理,,辛亥路二段165號1樓,,是,"11:30~14:00, 17:00~20:00",是,"11:30~14:00, 17:00~20:00",是,"11:30~14:00, 17:00~20:00",是,"11:30~14:00, 17:00~20:00",是,"11:30~14:00, 17:00~20:00",是,"11:30~14:00, 17:00~20:00",否,,無,
12/23/2020 0:19:05,滇味小館,118巷,"中餐, 晚餐",東南亞料理,02-2367-9008,羅斯福路三段283巷8號,3.9,是,"11:00~14:00, 17:00~21:00",是,"11:00~14:00, 17:00~21:00",是,"11:00~14:00, 17:00~21:00",是,"11:00~14:00, 17:00~21:00",是,"11:00~14:00, 17:00~21:00",是,"11:00~14:00, 17:00~21:00",是,"11:00~14:00, 17:00~21:00",無,
12/23/2020 0:23:13,指有雞飯,溫州街,"中餐, 晚餐",東南亞料理,02-2367-5253,溫州街74巷五弄3號,4.4,是,"11:30~14:00, 17:30~21:00",是,"11:30~14:00, 17:30~21:00",是,"11:30~14:00, 17:30~21:00",是,"11:30~14:00, 17:30~21:00",是,"11:30~14:00, 17:30~21:00",是,"11:30~14:00, 17:30~21:00",是,"11:30~14:00, 17:30~21:00",無,無
12/23/2020 0:25:07,站食可以,公館地區,"中餐, 晚餐",東南亞料理,0928-490-565,羅斯福路四段24巷12弄7號,4.6,是,11:30~21:30,是,11:30~21:30,是,11:30~21:30,是,11:30~21:30,是,11:30~21:30,是,11:30~21:30,是,11:30~21:30,無,無
12/23/2020 0:27:04,阿里媽媽,公館地區,"中餐, 晚餐",東南亞料理,02-2368-7724,羅斯福路四段136巷1弄3號,4.2,是,"11:00~15:30, 17:00~22:00",是,"11:00~15:30, 17:00~22:00",是,"11:00~15:30, 17:00~22:00",是,"11:00~15:30, 17:00~22:00",是,"11:00~15:30, 17:00~22:00",是,"11:00~15:30, 17:00~22:00",是,"11:00~15:30, 17:00~22:00",有,有
12/23/2020 0:29:47,泰國小館,公館地區,"中餐, 晚餐",東南亞料理,02-2367-0739,汀州路三段219號,3.9,是,11:30~21:30,是,11:30~21:30,是,11:30~21:30,是,11:30~21:30,是,11:30~21:30,是,11:30~21:30,是,11:30~21:30,有,有
12/23/2020 0:34:25,池先生 公館店,118巷,"中餐, 晚餐",東南亞料理,02-2367-6989,羅斯福路三段284巷10號,4.2,是,"11:30~15:30, 17:00~20:45",是,"11:30~15:30, 17:00~20:45",是,"11:30~15:30, 17:00~20:45",是,"11:30~15:30, 17:00~20:45",是,"11:30~15:30, 17:00~20:45",是,11:30~20:45,是,11:30~20:45,有,無
12/23/2020 0:37:51,池先生 大安店,118巷,"中餐, 晚餐",東南亞料理,02-2738-9255,復興南路二段385號,4.3,是,"11:30~15:00, 17:00~20:30",是,"11:30~15:00, 17:00~20:30",是,"11:30~15:00, 17:00~20:30",是,"11:30~15:00, 17:00~20:30",是,"11:30~15:00, 17:00~20:30",是,11:30~20:30,是,11:30~20:30,無,無
12/23/2020 0:43:49,泰正點,公館地區,"中餐, 晚餐",東南亞料理,02-2364-7171,汀州路三段166號,4,是,"11:00~14:30, 17:00~22:00",是,"11:00~14:30, 17:00~22:00",是,"11:00~14:30, 17:00~22:00",是,"11:00~14:30, 17:00~22:00",是,"11:00~14:30, 17:00~22:00",是,"11:00~14:30, 17:00~22:00",是,"11:00~14:30, 17:00~22:00",,
12/23/2020 0:49:12,右手,公館地區,"中餐, 晚餐",東南亞料理,02-2369-2582,羅斯福路三段306號,3.7,是,"11:00~15:00, 17:00~22:00",是,"11:00~15:00, 17:00~22:00",是,"11:00~15:00, 17:00~22:00",是,"11:00~15:00, 17:00~22:00",是,"11:00~15:00, 17:00~22:00",是,"11:00~15:00, 17:00~22:00",是,"11:00~15:00, 17:00~22:00",有,有
12/23/2020 0:51:51,泰味鮮,公館地區,"中餐, 晚餐",東南亞料理,02-2364-8356,羅斯福路三段316巷8弄5號,3.9,是,"11:30~14:00, 17:00~21:00",是,"11:30~14:00, 17:00~21:00",是,"11:30~14:00, 17:00~21:00",是,"11:30~14:00, 17:00~21:00",是,"11:30~14:00, 17:00~21:00",是,"11:30~14:00, 17:00~21:00",是,"11:30~14:00, 17:00~21:00",,
12/23/2020 0:55:15,吧生仔碌碌,公館地區,晚餐,東南亞料理,02-2368-3505,羅斯福路三段284巷13號1樓,4.5,否,,是,17:00~21:30,是,17:00~21:30,是,17:00~21:30,是,17:00~21:30,是,17:00~21:30,是,17:00~21:30,有,
12/23/2020 1:01:11,女巫店,溫州街,"中餐, 晚餐, 宵夜",酒吧,02-2362-5494,新生南路三段56巷7號,4.3,是,10:00~23:00,是,10:00~23:00,是,10:00~23:00,是,10:00~23:00,是,10:00~23:00,是,10:00~23:00,是,10:00~23:00,,有
12/23/2020 1:07:19,沙巴巴,溫州街,"中餐, 晚餐",西式(非義式法式美式者),02-2363-8009,羅斯福路三段283巷17號,4.1,是,"12:00~14:30, 17:00~20:30",是,"12:00~14:30, 17:00~20:30",是,"12:00~14:30, 17:00~20:30",是,"12:00~14:30, 17:00~20:30",是,"12:00~14:30, 17:00~21:00",是,12:00~21:00,是,"12:00~14:30, 17:00~20:30",,
12/23/2020 1:09:34,香料館,溫州街,"中餐, 晚餐",西式(非義式法式美式者),02-2366-0211,羅斯福路三段269巷6號,4.1,是,"11:30~14:00, 17:30~21:00",是,"11:30~14:00, 17:30~21:00",否,,是,"11:30~14:00, 17:30~21:00",是,"11:30~14:00, 17:30~21:00",是,"11:30~14:00, 17:30~21:00",是,"11:30~14:00, 17:30~21:00",,
12/23/2020 1:14:35,巫雲,溫州街,晚餐,東南亞料理,02-2369-3906,羅斯福路三段244巷9弄7號,4.3,否,,是,17:00~22:00,是,17:00~22:00,是,17:00~22:00,是,17:00~22:00,是,17:00~22:00,是,17:00~22:00,有,有
12/23/2020 1:17:51,沙嗲士多,公館地區,"中餐, 晚餐",中式,02-2368-7968,羅斯福路三段316巷9弄4號,4.2,是,11:00~21:00,是,11:00~21:00,是,11:00~21:00,是,11:00~21:00,是,11:00~21:00,是,11:00~21:00,是,11:00~21:00,無,有
12/23/2020 1:20:49,Longtail ,偏鄉,"晚餐, 宵夜",西式(非義式法式美式者),02-2732-6616,敦化南路二段174號,4.1,是,18:00~02:00,否,,是,18:00~02:00,是,18:00~03:00,是,18:00~03:00,是,18:00~03:00,是,18:00~02:00,有,有
12/23/2020 1:23:17,茗香園,公館地區,"中餐, 晚餐",中式,02-2365-8033,羅斯福路四段132號2F,3.3,是,"11:30~15:00, 17:00~21:30",是,"11:30~15:00, 17:00~21:30",是,"11:30~15:00, 17:00~21:30",是,"11:30~15:00, 17:00~21:30",是,"11:30~15:00, 17:00~21:30",是,11:30~21:30,是,11:30~21:30,有,有
12/23/2020 1:25:41,秀食屋,公館地區,"中餐, 晚餐",日式,02-2368-6386,羅斯福路四段78巷1弄13號,4.6,是,"11:30~14:00, 16:30~22:00",是,"11:30~14:00, 16:30~22:00",是,"11:30~14:00, 16:30~22:00",是,"11:30~14:00, 16:30~22:00",是,"11:30~14:00, 16:30~22:00",是,"11:30~14:00, 16:30~22:00",是,"11:30~14:00, 16:30~22:00",,
12/23/2020 1:30:03,阿母的店,偏鄉,晚餐,小吃,02-2732-0751,台北市大安區樂業街146號,4.1,是,"11:30~14:00, 17:00~20:30",是,"11:30~14:00, 17:00~20:30",是,"11:30~14:00, 17:00~20:30",是,"11:30~14:00, 17:00~20:30",是,"11:30~14:00, 17:00~20:30",是,"11:30~14:00, 17:00~20:30",否,,無,無
12/23/2020 1:32:09,希臘左巴,溫州街,,西式(非義式法式美式者),02-2363-3925,大安區羅斯福路三段283巷7弄16號,4.5,是,11:00~22:00,是,11:00~22:00,是,11:00~22:00,是,11:00~22:00,是,11:00~22:00,是,11:00~22:00,是,11:00~22:00,,無
12/23/2020 1:34:29,El Sabroso Mexican Food,公館地區,"中餐, 晚餐",西式(非義式法式美式者),02-2368-9599,汀州路三段107號之一,4.1,是,"12:00~14:00, 17:00~21:00",是,"12:00~14:00, 17:00~21:00",是,"12:00~14:00, 17:00~21:00",是,"12:00~14:00, 17:00~21:00",是,"12:00~14:00, 17:00~21:00",是,"12:00~14:00, 17:00~21:00",是,"12:00~14:00, 17:00~21:00",,
12/23/2020 13:20:39,路易莎 Louisa Coffee,公館地區,"早餐, 中餐, 晚餐",咖啡廳, 02-2368-7791,台北市大安區新生南路三段100號,3.6,是,08:00~20:30,是,08:00~20:30,是,08:00~20:30,是,08:00~20:30,是,08:00~20:30,是,08:00~20:30,是,08:00~20:30,無,無
12/23/2020 13:23:45,丹堤咖啡 台大卓越店,公館地區,"早餐, 中餐, 晚餐",咖啡廳, 02-3365-2218,台大校內卓聯大樓,3.5,是,07:00~20:00,是,07:00~20:00,是,07:00~20:00,是,07:00~20:00,是,07:00~20:00,是,07:00~20:00,是,07:00~20:00,有,有
12/23/2020 13:26:23,cama café,公館地區,"早餐, 中餐, 晚餐",咖啡廳,02-2368-3055,台北市大安區羅斯福路三段325-2號,4.2,是,07:30~19:00,是,07:30~19:00,是,07:30~19:00,是,07:30~19:00,是,07:30~19:00,是,07:30~19:00,是,07:30~19:00,無,無
12/23/2020 13:28:28,Starbucks,公館地區,"早餐, 中餐, 晚餐",咖啡廳,02-2368-5629,台北市中正區羅斯福路四段26號,4,是,07:00~22:30,是,07:00~22:30,是,07:00~22:30,是,07:00~22:30,是,07:00~22:30,是,07:00~22:30,是,07:00~22:30,無,有
12/23/2020 13:30:01,STARBUCKS 星巴克 (辛亥門市),118巷,"早餐, 中餐, 晚餐",咖啡廳, 02-2738-5799,台北市大安區辛亥路二段175號,4.1,是,06:30~20:00,是,06:30~20:00,是,06:30~20:00,是,06:30~20:00,是,06:30~20:00,是,06:30~20:00,是,06:30~20:00,無,有
12/23/2020 13:32:21,葉子咖啡,公館地區,"中餐, 晚餐, 宵夜",咖啡廳,02-2363-4943,台北市大安區羅斯福路三段283巷14弄16-1號,3.9,是,12:00~00:00,是,12:00~00:00,是,12:00~00:00,是,12:00~00:00,是,12:00~00:00,是,12:00~00:00,是,12:00~00:00,有,有
12/23/2020 13:34:26,城市草倉 C-tea loft,公館地區,"中餐, 晚餐, 宵夜",咖啡廳,02-2366-0381,台北市大安區羅斯福路三段283巷19弄4號,4.7,是,12:00~22:00,是,12:00~22:00,是,12:00~22:00,是,12:00~22:00,是,12:00~22:00,是,12:00~22:00,是,12:00~22:00,有,有
12/23/2020 13:36:20,Apple Museum Cafe,溫州街,"中餐, 晚餐",咖啡廳,02-2363-6262,台北市大安區溫州街74巷3弄5號,4.8,是,12:00~21:00,是,12:00~21:00,是,12:00~21:00,是,12:00~21:00,是,12:00~21:00,是,12:00~21:00,否,,有,無
12/23/2020 13:37:46,Picnic野餐咖啡,溫州街,"中餐, 晚餐, 宵夜",咖啡廳,02-2368-7798,台北市大安區溫州街75號,4.4,是,13:00~23:00,是,13:00~23:00,是,13:00~23:00,是,13:00~23:00,是,13:00~23:00,是,13:00~23:00,是,13:00~23:00,有,有
12/23/2020 13:39:38,Aura微光咖啡,公館地區,"中餐, 晚餐, 宵夜",咖啡廳,02-8369-3577,台北市大安區羅斯福路三段269巷9號,4.2,是,12:30~22:00,是,12:30~22:00,是,12:30~22:00,是,12:30~22:00,是,12:30~22:00,是,12:30~22:00,是,12:30~22:00,有,有
12/23/2020 13:42:41,路上撿到一隻貓,溫州街,"中餐, 晚餐, 宵夜",咖啡廳,02-2364-2263,台北市大安區溫州街49巷2號,4,是,13:30~01:30,是,13:30~01:30,是,13:30~01:30,是,13:30~01:30,是,13:30~01:30,是,13:30~01:30,是,13:30~01:30,有,無
12/23/2020 13:44:25,Rebirth Cafe & Restaurant,溫州街,"中餐, 晚餐, 宵夜",咖啡廳, 02-2366-0985,台北市大安區溫州街48巷2號,4.3,是,14:00~02:00,是,14:00~02:00,是,14:00~02:00,是,14:00~02:00,是,14:00~02:00,是,14:00~02:00,是,14:00~02:00,有,有
12/23/2020 13:52:37,The Common,公館地區,"中餐, 晚餐",咖啡廳,02-2365-1860,台北市中正區羅斯福路四段138號3樓,4.6,是,12:00~22:00,是,12:00~22:00,是,12:00~22:00,是,12:00~22:00,是,12:00~22:00,是,12:00~22:00,是,12:00~22:00,有,有
12/23/2020 13:54:52,靈感咖啡,公館地區,"早餐, 中餐, 晚餐",咖啡廳,02-2363-1371,台北市大安區新生南路三段84之6號2F,4.6,是,10:30~19:00,是,10:30~19:00,否,,是,10:30~19:00,是,10:30~19:00,是,13:00~19:00,是,13:00~19:00,有,有
12/23/2020 13:56:46,Coffee Boy Hop Man,公館地區,"中餐, 晚餐, 宵夜",咖啡廳,02-2367-9802,台北市大安區羅斯福路三段283巷36號,4.8,否,,是,12:30~00:00,是,12:30~00:00,是,12:30~00:00,是,12:30~00:00,是,12:30~00:00,是,12:30~19:00,有,有
12/23/2020 13:58:43,歐克法咖啡 unicofa coffee,118巷,"早餐, 中餐",咖啡廳,02-2378-0175,台北市大安區辛亥路二段171巷6弄10號,4.8,是,07:30~17:30,是,07:30–17:30,是,07:30–17:30,是,07:30–17:30,是,07:30–17:30,是,12:30–17:30,否,,有,有
12/23/2020 14:01:04,半路咖啡,溫州街,"中餐, 晚餐, 宵夜",咖啡廳,02-2362-5573,台北市大安區羅斯福路三段269巷51弄9號,4.4,是,14:00~00:00,否,,是,14:00~00:00,是,14:00~00:00,是,14:00~00:00,是,14:00~00:00,是,14:00~00:00,有,有
12/23/2020 14:02:34,BeansLab coffee 豆研咖啡館,118巷,"早餐, 中餐, 晚餐",咖啡廳,02-2739-6600,台北市大安區辛亥路二段171巷6弄6號,4.7,是,09:00~18:00,是,09:00~18:00,是,09:00~18:00,是,09:00~18:00,是,09:00~18:00,是,09:00~18:00,否,,有,有
12/23/2020 14:04:05,暖時光咖啡 Warm Up Cafe,偏鄉,"中餐, 晚餐, 宵夜",咖啡廳,02-2365-5653,台北市大安區泰順街16巷4號,4.2,是,13:00~03:00,是,13:00~03:00,是,13:00~03:00,是,13:00~03:00,是,13:00~03:00,是,13:00~03:00,是,13:00~03:00,有,有
12/23/2020 14:05:41,喜鵲咖啡,溫州街,"中餐, 晚餐, 宵夜",咖啡廳,02-2362-8690,台北市大安區羅斯福路三段269巷74號,4.3,是,13:00~22:45,是,13:00~22:45,是,13:00~22:45,是,13:00~22:45,是,13:00~22:45,是,13:00~22:45,是,13:00~22:45,有,有
12/23/2020 14:08:16,微迷野林咖啡廳・Wildmii Safari Showroom,溫州街,"中餐, 晚餐",咖啡廳,02-2362-0723,台北市大安區溫州街48巷24號,4.5,是,12:00~21:00,是,12:00~18:00,是,12:30~18:00,是,12:00~21:00,是,12:30~18:00,是,11:00~21:00,是,11:00~21:00,有,有
12/23/2020 14:09:36,INTERMISSION 中場休息 Cafe',公館地區,"早餐, 中餐, 晚餐",咖啡廳,02-2368-6831,台北市中正區汀州路三段149號1樓,5,否,,是,11:00–23:00,是,11:00–23:00,是,11:00–23:00,是,11:00–23:00,是,11:00–23:00,是,11:00–23:00,有,有
12/23/2020 14:11:00,Cafe Bastille,溫州街,"中餐, 晚餐, 宵夜",咖啡廳,02-3365-2775,台北市大安區溫州街91號,4,是,12:00–00:00,是,12:00–00:00,是,12:00–00:00,是,12:00–00:00,是,12:00–00:00,是,11:00–00:00,是,11:00–00:00,有,有
12/23/2020 14:12:45,Mimi's Cafe米米咖啡,公館地區,"中餐, 晚餐, 宵夜",咖啡廳,02-2365-2366,台北市中正區區羅斯福路三段284巷15號,4.5,是,12:00~22:00,是,12:00~22:00,是,12:00~22:00,是,12:00~22:00,是,12:00~23:00,是,10:00~22:00,是,10:00~22:00,有,有
12/23/2020 14:14:16,RUFOUS COFFEE ROASTERS,118巷,"中餐, 晚餐",咖啡廳,02-2736-6880,台北市大安區復興南路二段339號,4.6,是,13:00~21:30,是,13:00~21:30,是,13:00~21:30,否,,是,13:00~21:30,是,13:00~21:30,是,13:00~21:30,有,有
12/23/2020 14:15:49,海豚飯店,溫州街,"晚餐, 宵夜",酒吧,0952-094-148,台北市大安區溫州街58巷6號對面,4.7,否,,否,,是,19:30~02:00,是,19:30~02:00,是,19:30~02:00,是,19:30~02:00,是,19:30~02:00,有,有
12/23/2020 14:18:29,BS mix,公館地區,"中餐, 晚餐, 宵夜",酒吧,02-2367-8396,台北市中正區汀州路三段293號,4.4,是,11:00~01:00,是,11:00~01:00,是,11:00~01:00,是,11:00~01:00,是,11:00~02:00,是,11:00~02:00,是,11:00~01:00,有,有
12/23/2020 14:20:06,James Joyce Irish Bar,公館地區,"晚餐, 宵夜",酒吧,02-2368-7060,台北市中正區羅斯福路三段278號,4.4,是,16:30~02:00,是,16:30~02:00,是,16:30~02:00,是,16:30~02:00,是,16:30~02:30,是,16:30~02:30,是,16:30~02:00,有,有
12/23/2020 14:21:55,The Shrine,偏鄉,"晚餐, 宵夜",酒吧,02-2367-5540,台北市大安區師大路132號,4.5,是,16:00~02:00,是,16:00~02:00,是,16:00~02:00,是,16:00~02:00,是,16:00~02:00,是,16:00~02:00,是,16:00~02:00,有,有
12/23/2020 14:23:27,The Misanthrope Society 厭世會社,公館地區,"晚餐, 宵夜",酒吧,02-2365-4535,台北市中正區羅斯福路四段40巷1-2號,4.7,是,14:00~01:00,是,14:00~01:00,是,14:00~01:00,是,14:00~01:00,是,14:00~01:30,是,14:00~01:30,是,14:00~01:00,有,有
12/23/2020 14:24:40,窖父 Hide Out,公館地區,"晚餐, 宵夜",酒吧,02-2362-5805,台北市中正區羅斯福路四段24巷13號,4.1,是,20:00~02:00,是,20:00~02:00,是,20:00~02:00,是,20:00~02:00,是,20:00~02:00,是,20:00~02:00,是,20:00~02:00,有,有
12/23/2020 14:26:16,89 LOOP Sports Bar美式餐酒館,公館地區,"晚餐, 宵夜",酒吧,02-2365-6597,台北市中正區羅斯福路四段134號2樓,4.9,是,19:00~04:00,是,19:00~04:00,是,19:00~04:00,是,19:00~04:00,是,19:00~04:00,是,19:00~04:00,是,19:00~04:00,有,有
12/23/2020 14:27:48,劑院 Dose cuisine & malt,偏鄉,"晚餐, 宵夜",酒吧,02-2341-2859,台北市大安區愛國東路18號,4.3,是,18:00~01:00,否,,是,18:00~01:00,是,18:00~01:00,是,18:00~02:00,是,18:00~02:00,是,18:00~01:00,有,有
12/23/2020 14:29:30,素德蔬食,溫州街,"中餐, 晚餐",素食,02-2363-5689,台北市大安區羅斯福路三段283巷21號,4.5,是,"11:00~14:00,17:00~19:30",是,"11:00~14:00,17:00~19:30",是,"11:00~14:00, 17:00~19:30",是,"11:00~14:00,17:00~19:30",是,"11:00~14:00,17:00~19:30",是,"11:00~14:00,17:00~19:30",是,"11:00~14:00,17:00~19:30",無,無
12/23/2020 14:31:05,卡帛素食,118巷,"早餐, 中餐, 晚餐",素食,02-2733-6819,台北市大安區復興南路二段308巷5號,4.2,是,08:00~22:00,是,08:00~22:00,是,08:00~22:00,是,08:00~22:00,是,08:00~22:00,是,08:00~22:00,是,08:00~21:30,無,有
12/23/2020 14:32:29,好想吃冰,溫州街,"中餐, 晚餐",素食,02-2366-0115,台北市大安區溫州街80號,4.3,是,12:00~21:00,是,12:00~21:00,是,12:00~21:00,是,12:00~21:00,是,12:00~21:00,是,12:00~21:00,是,12:00~21:00,有,有
12/23/2020 14:33:58,Ooh Cha Cha 自然食,118巷,"中餐, 晚餐",素食,02-2737-2994,台北市大安區和平東路二段118巷4-1號,4.4,是,10:00~22:00,是,10:00~22:00,是,10:00~22:00,是,10:00~22:00,是,10:00~22:00,是,10:00~22:00,是,10:00~22:00,無,有
12/23/2020 14:35:10,彩椒廚房,溫州街,,素食,02-2368-3677,台北市大安區溫州街74巷5弄1號,3.7,是,"11:00~13:45,17:00~20:20",是,"11:00~13:45,17:00~20:20",是,"11:00~13:45, 17:00~20:20",是,"11:00~13:45,17:00~20:20",是,"11:00~13:45,17:00~20:20",是,"11:00~13:45,17:00~20:20",是,"11:00~13:45,17:00~20:20",無,無
12/23/2020 19:37:01,十二巷,公館地區,"中餐, 晚餐",日式,02-2368-1922,羅斯福路四段12巷1號,3.9,是,"11:00~15:00, 16:30~22:00",是,"11:00~15:00, 16:30~22:00",是,"11:00~15:00, 16:30~22:00",是,"11:00~15:00, 16:30~22:00",是,"11:00~15:00, 16:30~22:00",是,"11:00~15:00, 16:30~22:00",是,"11:00~15:00, 16:30~22:00",無,有
12/23/2020 19:45:21,極麵屋,公館地區,"中餐, 晚餐",日式,02-2364-8859,羅斯福路四段136巷6弄2號,3.9,是,"11:30~14:30, 17:00~21:00",是,"11:30~14:30, 17:00~21:00",是,"11:30~14:30, 17:00~21:00",是,"11:30~14:30, 17:00~21:00",是,"11:30~14:30, 17:00~21:00",是,"11:30~14:30, 17:00~21:00",是,"11:30~14:30, 17:00~21:00",,
12/23/2020 19:48:43,Mr.拉麵野崎家,公館地區,"中餐, 晚餐",日式,02-2367-9060,羅斯福路三段316巷9弄2號,3.7,是,11:30~21:00,是,11:30~21:00,是,11:30~21:00,是,11:30~21:00,是,11:30~21:00,是,11:30~21:00,是,11:30~21:00,,
12/23/2020 19:48:50,LOUISA COFFEE 路易莎咖啡 (台大店),公館地區,"早餐, 中餐, 晚餐",咖啡廳,02-2368-7791,106台北市大安區新生南路三段100號,3.6,,08:00–20:30,,08:00–20:30,,08:00–20:30,,08:00–20:30,,08:00–20:30,,08:00–20:30,,08:00–20:30,有,無
12/23/2020 19:51:33,京阪豚骨拉麵,公館地區,"中餐, 晚餐",日式,02-2364-0605,羅斯福路四段136巷6弄6號,4,是,"11:30~13:50, 17:00~20:25",是,"11:30~13:50, 17:00~20:25",是,"11:30~13:50, 17:00~20:25",是,"11:30~13:50, 17:00~20:25",是,"11:30~13:50, 17:00~20:25",是,"11:30~13:50, 17:00~20:25",是,"11:30~13:50, 17:00~20:25",,有
12/23/2020 20:00:04,鷹流極匠拉麵,公館地區,"中餐, 晚餐",日式,,汀州路三段104巷4號,4,是,"11:30~14:30,17:00~21:00",是,"11:30~14:30,17:00~21:00",是,"11:30~14:30,17:00~21:00",是,"11:30~14:30,17:00~21:00",是,"11:30~14:30,17:00~21:00",是,"11:30~14:30,17:00~21:00",是,"11:30~14:30,17:00~21:00",有,
12/23/2020 20:19:03,山嵐拉麵,公館地區,"中餐, 晚餐",日式,02-2369-0122,羅斯福路四段136巷1弄13號,4.4,是,"11:30~14:30, 17:15~20:45",是,"11:30~14:30, 17:15~20:45",是,"11:30~14:30, 17:15~20:45",是,"11:30~14:30, 17:15~20:45",是,"11:30~14:30, 17:15~20:45",是,"11:30~14:30, 17:15~20:45",是,"11:30~14:30, 17:15~20:45",有,
12/23/2020 20:24:36,麥子磨麵,溫州街,"中餐, 晚餐",小吃,02-2364-8685,羅斯福路三段283巷22號,3.8,是,"11:30~14:30, 17:00~20:30",是,"11:30~14:30, 17:00~20:30",是,"11:30~14:30, 17:00~20:30",是,"11:30~14:30, 17:00~20:30",是,"11:30~14:30, 17:00~20:30",是,"11:30~14:30, 17:00~20:30",是,"11:30~14:30, 17:00~20:30",,
12/23/2020 20:31:24,真劍拉麵,偏鄉,"中餐, 晚餐",日式,,師大路126巷1號,4.4,是,"11:30~14:00, 17:30~21:30",是,"11:30~14:00, 17:30~21:30",是,"11:30~14:00, 17:30~21:30",是,"11:30~14:00, 17:30~21:30",是,"11:30~14:00, 17:30~21:30",是,"11:30~14:00, 17:30~21:30",是,"11:30~14:00, 17:30~21:30",,
12/23/2020 20:35:44,墨洋拉麵,公館地區,,,,羅斯福路四段136巷10號,4.2,是,"12:00~14:00, 17:00~21:00",是,"12:00~14:00, 17:00~21:00",是,"12:00~14:00, 17:00~21:00",是,"12:00~14:00, 17:00~21:00",是,"12:00~14:00, 17:00~21:00",是,"12:00~14:00, 17:00~21:00",是,"12:00~14:00, 17:00~21:00",,
12/23/2020 20:40:10,麵屋壹の穴 ICHI,118巷,"中餐, 晚餐",日式,02-2711-4319,延吉街137巷22號,4.2,否,,是,"11:30~15:00, 17:30~21:00",是,"11:30~15:00, 17:30~21:00",是,"11:30~15:00, 17:30~21:00",是,"11:30~15:00, 17:30~21:00",是,"11:30~15:00, 17:30~21:00",是,"11:30~15:00, 17:30~21:00",有,有
12/23/2020 20:45:52,裸湯拉麵,118巷,"中餐, 晚餐",日式,02-8771-4670,敦化南路一段238巷1號,4.3,是,11:00~21:30,是,11:00~21:30,是,11:00~21:30,是,11:00~21:30,是,11:00~21:30,是,11:00~21:30,是,11:00~21:30,有,無
12/23/2020 20:50:29,雞二拉麵 師大店,偏鄉,"中餐, 晚餐",日式,02-2362-8672,羅斯福路三段139號,4,是,11:30~20:30,是,11:30~20:30,是,11:30~20:30,是,11:30~20:30,是,11:30~20:30,是,11:30~20:30,否,,,
12/23/2020 20:56:14,小川拉麵,118巷,"中餐, 晚餐",日式,02-2703-7713,復興南路二段190號,4.2,是,"11:30~14:30, 17:30~21:00",是,"11:30~14:30, 17:30~21:00",是,"11:30~14:30, 17:30~21:00",是,"11:30~14:30, 17:30~21:00",是,"11:30~14:30, 17:30~21:00",是,"11:30~14:30, 17:30~21:00",是,"11:30~14:30, 17:30~21:00",,
12/23/2020 21:05:18,阿里媽媽,公館地區,"中餐, 晚餐",咖哩,02-2368-7724,羅斯福路四段136巷1弄3號,4.2,是,"11:00~15:30, 17:00~22:00",是,"11:00~15:30, 17:00~22:00",是,"11:00~15:30, 17:00~22:00",是,"11:00~15:30, 17:00~22:00",是,"11:00~15:30, 17:00~22:00",是,"11:00~15:30, 17:00~22:00",是,"11:00~15:30, 17:00~22:00",有,有
12/23/2020 21:11:25,稻咖喱,溫州街,晚餐,咖哩,02-2363-7439,溫州街79號,4.5,否,,是,17:00~21:00,是,17:00~21:00,是,17:00~21:00,是,17:00~21:00,是,17:00~21:00,是,17:00~21:00,無,有
12/23/2020 21:15:38,咖哩先生,溫州街,"中餐, 晚餐",咖哩,0930-773-073,新生南路三段70巷6號後棟,4.3,否,,是,12:00~21:00,是,12:00~21:00,是,12:00~21:00,是,12:00~21:00,是,12:00~21:00,是,12:00~21:00,無,有
12/23/2020 21:19:14,厚宅,118巷,"中餐, 晚餐",咖哩,02-8782-6080,辛亥路二段169號,4.3,是,"11:00~14:00, 17:00~20:00",是,"11:00~14:00, 17:00~20:00",是,"11:00~14:00, 17:00~20:00",是,"11:00~14:00, 17:00~20:00",是,"11:00~14:00, 17:00~20:00",是,"11:00~14:00, 17:00~20:00",否,,,無
12/23/2020 21:26:02,狂愛咖哩,公館地區,"中餐, 晚餐",咖哩,02-6362-6066,汀州路三段253號,3.1,是,11:00~22:00,是,11:00~22:00,是,11:00~22:00,是,11:00~22:00,是,11:00~22:00,是,11:00~22:00,是,11:00~22:00,無,有
12/23/2020 21:28:05,三時午,公館地區,"中餐, 晚餐",咖哩,0955-698-760,水源市場,4.5,否,,是,"11:00~14:00, 16:00~18:00",是,"11:00~14:00, 16:00~18:00",是,"11:00~14:00, 16:00~18:00",是,"11:00~14:00, 16:00~18:00",是,"11:00~14:00, 16:00~18:00",否,,無,無
12/23/2020 21:32:13,銀兔湯咖哩,偏鄉,"中餐, 晚餐",咖哩,02-2369-7331,浦城街13巷4號,4.7,是,"11:30~14:30, 17:30~20:30",否,,否,"11:30~14:30, 17:30~20:30",是,"11:30~14:30, 17:30~20:30",是,"11:30~14:30, 17:30~20:30",是,"11:30~14:30, 17:30~20:30",是,"11:30~14:30, 17:30~20:30",,
12/23/2020 21:40:36,丹堤咖啡 台大卓越店,公館地區,"早餐, 中餐, 晚餐",咖啡廳,02-3365-2218,106台北市大安區羅斯福路四段1號,3.5,,07:00–20:00,,07:00–20:00,,07:00–20:00,,07:00–20:00,,07:00–20:00,,07:00–20:00,,07:00–20:00,有,無
12/23/2020 21:42:10,No name咖哩,溫州街,"中餐, 晚餐",咖哩,02-2369-1703,新生南路三段68-2號,4.5,是,"11:00~14:00, 16:00~20:00",是,"11:00~14:00, 16:00~20:00",是,"11:00~14:00, 16:00~20:00",是,"11:00~14:00, 16:00~20:00",是,"11:00~14:00, 16:00~20:00",否,,是,"11:00~14:00, 16:00~20:00",有,無
12/23/2020 21:42:41,葉子,溫州街,"中餐, 晚餐, 宵夜",咖啡廳,02-2363-4943,10673台北市大安區羅斯福路三段283巷14弄16-1號,3.9,,12:00–00:00,,12:00–00:00,,12:00–00:00,,12:00–00:00,,12:00–00:00,,12:00–00:00,,12:00–00:00,有,無
12/23/2020 21:44:41,城市草倉,溫州街,"中餐, 晚餐",咖啡廳,02-2366-0381,106台北市大安區羅斯福路三段283巷19弄4號,4.7,,12:00–22:00,,12:00–22:00,,12:00–22:00,,12:00–22:00,,12:00–22:00,,12:00–22:00,,12:00–22:00,有,無
12/23/2020 21:47:43,三個傻瓜,溫州街,"中餐, 晚餐",咖哩,02-2369-9966,羅斯福路三段283巷28號,4.3,是,"11:30~14:30, 17:30~21:30",是,"11:30~14:30, 17:30~21:30",是,"11:30~14:30, 17:30~21:30",是,"11:30~14:30, 17:30~21:30",是,"11:30~14:30, 17:30~21:30",是,11:30~21:30,是,11:30~21:30,,有
12/23/2020 21:47:54,apple museum,溫州街,"中餐, 晚餐",咖啡廳,02-2363-6262,106台北市大安區溫州街74巷3弄5號,4.8,,12:00–21:00,,12:00–21:00,,12:00–21:00,,12:00–21:00,,12:00–21:00,,12:00–21:00,,休息,有,有
12/23/2020 21:49:38,野餐咖啡,溫州街,"中餐, 晚餐, 宵夜",咖啡廳,02-2368-7798,106台北市大安區溫州街75號,4.4,,13:00–23:00,,13:00–23:00,,13:00–23:00,,13:00–23:00,,13:00–23:00,,13:00–23:00,,13:00–23:00,有,無
12/23/2020 21:52:13,微光,溫州街,"中餐, 晚餐",咖啡廳,02-8369-3577,106台北市大安區羅斯福路三段269巷9號,4.2,,12:30–22:00,,12:30–22:00,,12:30–22:00,,12:30–22:00,,12:30–22:00,,12:30–22:00,,12:30–22:00,有,無
12/23/2020 21:53:25,路上撿到一隻貓,溫州街,"晚餐, 宵夜",咖啡廳,,106台北市大安區溫州街49巷2號,4,,13:30–01:30,,13:30–01:30,,13:30–01:30,,13:30–01:30,,13:30–01:30,,13:30–01:30,,13:30–01:30,有,無
12/23/2020 21:54:53,rebirth,溫州街,"晚餐, 宵夜",咖啡廳,02-2366-0985,106台北市大安區溫州街48巷2號,4.3,,14:00–02:00,,14:00–02:00,,14:00–02:00,,14:00–02:00,,14:00–02:00,,14:00–02:00,,14:00–02:00,有,無
12/23/2020 21:56:11,the common,公館地區,"中餐, 晚餐",咖啡廳,02-2365-1860,100台北市中正區羅斯福路四段138號3樓,4.4,,12:00–22:00,,12:00–22:00,,12:00–22:00,,12:00–22:00,,12:00–22:00,,12:00–22:00,,12:00–22:00,有,無
12/23/2020 21:58:09,靈感咖啡,溫州街,"中餐, 晚餐",咖啡廳,02-2363-1371,"3, No. 84-6號新生南路三段大安區台北市106",4.6,,10:30–19:00,,10:30–19:00,,休息,,10:30–19:00,,10:30–19:00,,10:30–19:00,,10:30–19:00,有,無
12/23/2020 22:00:02,Coffee by hop man ,溫州街,"中餐, 晚餐, 宵夜",咖啡廳,02-2367-9802,106台北市大安區羅斯福路三段283巷36號,4.8,,休息,,12:30–00:00,,12:30–00:00,,12:30–00:00,,12:30–00:00,,12:30–00:00,,12:30–00:00,有,無
12/23/2020 22:01:54,Unicofa,118巷,"早餐, 中餐",咖啡廳,02-2378-0175,106台北市大安區辛亥路二段171巷6弄10號,4.8,,07:30–17:30,,07:30–17:30,,07:30–17:30,,07:30–17:30,,07:30–17:30,,07:30–17:30,,休息,有,無
12/23/2020 22:03:28,半路咖啡,溫州街,"晚餐, 宵夜",咖啡廳,02-2362-5573,106台北市大安區羅斯福路三段269巷51弄9號,4.4,,14:00–00:00,,休息,,14:00–00:00,,14:00–00:00,,14:00–00:00,,14:00–00:00,,14:00–00:00,有,無
12/23/2020 22:04:39,Beans lab,118巷,"早餐, 中餐, 晚餐",咖啡廳,02-2739-6600,106台北市大安區辛亥路二段171巷6弄6號,4.7,,09:00–18:00,,09:00–18:00,,09:00–18:00,,09:00–18:00,,09:00–18:00,,09:00–18:00,,休息,有,有
12/23/2020 22:06:03,暖時光,偏鄉,"晚餐, 宵夜",咖啡廳,02-2365-5653,106台北市大安區泰順街16巷4號,4.2,,13:00–03:00,,13:00–03:00,,13:00–03:00,,13:00–03:00,,13:00–03:00,,13:00–03:00,,13:00–03:00,有,有
12/23/2020 22:07:50,喜鵲咖啡,溫州街,"晚餐, 宵夜",咖啡廳,02-2362-8690,106台北市大安區羅斯福路三段269巷74號,4.3,,13:00–22:45,,13:00–22:45,,13:00–22:45,,13:00–22:45,,13:00–22:45,,13:00–22:45,,13:00–22:45,有,無
12/23/2020 22:09:57,微迷野林,溫州街,"中餐, 晚餐",咖啡廳,02-2362-0723,106台北市大安區溫州街48巷24號,4.5,,12:00–21:00,,12:00–18:00,,12:30–18:00,,12:00–21:00,,12:30–21:00,,11:00–21:00,,11:00–21:00,有,無
12/23/2020 22:12:25,中場休息,,"中餐, 晚餐",咖啡廳,02-2368-6831,100台北市中正區汀州路三段149號1樓,5,,休息,,11:00–23:00,,11:00–23:00,,11:00–23:00,,11:00–23:00,,11:00–23:00,,11:00–23:00,有,無
12/23/2020 22:13:40,Cafe Bastille（溫州街）,溫州街,"中餐, 晚餐, 宵夜",咖啡廳,02-3365-2775,106台北市大安區溫州街91號,4,,12:00–00:00,,12:00–00:00,,12:00–00:00,,12:00–00:00,,12:00–00:00,,12:00–00:00,,12:00–00:00,有,無
12/23/2020 22:15:28,Mimi's Cafe（公館）,公館地區,"中餐, 晚餐",咖啡廳,02-2365-2366,100台北市中正區羅斯福路三段284巷15號,4.5,,12:00–22:00,,12:00–22:00,,12:00–22:00,,12:00–22:00,,12:00–23:00,,10:00–23:00,,10:00–23:00,有,無
12/23/2020 22:17:48,RUFOUS COFFEE ROASTERS,118巷,"晚餐, 宵夜",咖啡廳,02-2736-6880,106台北市大安區復興南路二段339號,4.6,,13:00–21:30,,13:00–21:30,,13:00–21:30,,休息,,13:00–21:30,,13:00–21:30,,13:00–21:30,有,無
12/23/2020 22:18:06,RUFOUS COFFEE ROASTERS,118巷,"晚餐, 宵夜",咖啡廳,02-2736-6880,106台北市大安區復興南路二段339號,4.6,,13:00–21:30,,13:00–21:30,,13:00–21:30,,休息,,13:00–21:30,,13:00–21:30,,13:00–21:30,有,無
12/23/2020 22:20:59,cama café 台北公館店,公館地區,"早餐, 中餐, 晚餐",咖啡廳,02-2369-5377,106台北市大安區羅斯福路三段325號,4.2,,07:30–19:00,,07:30–19:00,,07:30–19:00,,07:30–19:00,,07:30–19:00,,09:00–19:00,,09:00–19:00,無,無
12/23/2020 22:22:35,STARBUCKS 星巴克 (公館門市),公館地區,"早餐, 中餐, 晚餐",咖啡廳,02-2368-5629,100台北市大安區羅斯福路四段26號1樓,4,,07:00–22:30,,07:00–22:30,,07:00–22:30,,07:00–22:30,,07:00–22:30,,07:00–22:30,,07:00–22:30,有,無
12/24/2020 20:30:20,大埔鐵板燒-公館店,公館地區,"中餐, 晚餐, 宵夜",燒烤/鐵板燒/排餐,02-2367-0675,台北市中正區汀州路三段287號,4,是,11:00~00:00,是,11:00~00:00,是,11:00~00:00,是,11:00~00:00,是,11:00~00:00,是,11:00~00:00,是,11:00~00:00,有,有
12/24/2020 20:32:48,甘丹燒鐵板,公館地區,"中餐, 晚餐",燒烤/鐵板燒/排餐, 02-2362-1183,台北市中正區汀州路三段208號,3,是,"11:30~14:30,17:00~22:30",是,"11:30~14:30,17:00~22:30",是,"11:30~14:30,17:00~22:30",是,"11:30~14:30,17:00~22:30",是,"11:30~14:30,17:00~22:30",是,"11:30~14:30,17:00~22:30",是,"11:30~14:30,17:00~22:30",有,有
12/24/2020 20:34:14,戰醬燒肉,公館地區,"中餐, 晚餐",燒烤/鐵板燒/排餐,02-2365-9719,台北市中正區羅斯福路三段316巷7-3號,4.2,是,12:00~22:00,是,12:00~22:00,是,12:00~22:00,是,12:00~22:00,是,12:00~22:00,是,12:00~22:00,是,12:00~22:00,有,有
12/24/2020 20:35:32,瓦崎燒烤火鍋-公館店,公館地區,"中餐, 晚餐, 宵夜",燒烤/鐵板燒/排餐,02-2369-0696,台北市中正區羅斯福路四段24巷5號,3.7,是,11:30~00:00,是,11:30~00:00,是,11:30~00:00,是,11:30~00:00,是,11:30~00:00,是,11:30~00:00,是,11:30~00:00,有,有
12/24/2020 20:40:19,喫尤平價鐵板燒-公館店,公館地區,"中餐, 晚餐, 宵夜",燒烤/鐵板燒/排餐,02-2365-4118,台北市中正區汀州路三段247號,4.4,是,11:00~00:30,否,,是,11:00~00:30,是,11:00~00:30,是,11:00~00:30,是,11:00~00:30,是,11:00~00:30,有,無
12/24/2020 20:43:09,牛二哥牛排館,公館地區,"中餐, 晚餐, 宵夜",燒烤/鐵板燒/排餐, 02-2367-1903,台北市中正區羅斯福路四段108巷4號,3.9,是,12:00~00:00,是,12:00~00:00,是,12:00~00:00,是,12:00~00:00,是,12:00~00:00,是,12:00~00:00,是,12:00~00:00,無,無
12/24/2020 20:44:53,威宇牛排-公館店,公館地區,"中餐, 晚餐, 宵夜",燒烤/鐵板燒/排餐, 02-2368-6875,台北市中正區汀州路三段257號,4.4,是,11:00~23:00,是,11:00~23:00,是,11:00~23:00,是,11:00~23:00,是,11:00~23:00,是,11:00~23:00,是,11:00~23:00,有,有
12/24/2020 20:47:29,好吃好吃牛排-2號店,公館地區,"中餐, 晚餐",燒烤/鐵板燒/排餐,02-2362-9538,,台北市中正區羅斯福路三段316巷16號2樓,是,"11:30~14:00,17:00~21:00",是,"11:30~14:00,17:00~21:00",是,"11:30~14:00,17:00~21:00",是,"11:30~14:00,17:00~21:00",是,"11:30~14:00,17:00~21:00",是,11:30~21:00,是,11:30~21:00,無,有
12/24/2020 20:48:59,龐德羅莎(台大店),公館地區,"中餐, 晚餐",燒烤/鐵板燒/排餐, 02-2366-0046,台北市大安區羅斯福路四段85號二樓,3.9,是,11:30~21:00,是,11:30~21:00,是,11:30~21:00,是,11:30~21:00,是,11:30~21:00,是,11:30~21:00,是,11:30~21:00,有,有
12/24/2020 20:50:26,紫牛平價牛排,118巷,"中餐, 晚餐",燒烤/鐵板燒/排餐,02-2737-4179,台北市大安區和平東路二段118巷69號,3.6,是,11:30~21:00,是,11:30~21:00,是,11:30~21:00,是,11:30~21:00,是,11:30~21:00,是,11:30~21:00,是,11:30~21:00,有,有
12/24/2020 20:52:29,孫東寶牛排大安羅斯福店,溫州街,"中餐, 晚餐",燒烤/鐵板燒/排餐,02-2366-1799,台北市大安區羅斯福路三段277號,3.9,是,11:30~21:00,是,11:30~21:00,是,11:30~21:00,是,11:30~21:00,是,11:30~21:00,是,11:30~21:00,是,11:30~21:00,有,有
12/24/2020 20:55:09,人从众厚切牛排復興店,偏鄉,"中餐, 晚餐, 宵夜",燒烤/鐵板燒/排餐, 02-2706-0668,台北市大安區復興南路二段146號,3.8,是,11:00~01:00,是,11:00~01:00,是,11:00~01:00,是,11:00~01:00,是,11:00~01:00,是,11:00~01:00,是,11:00~01:00,有,有
12/24/2020 20:57:03,初魚鐵板燒-泰順,偏鄉,"中餐, 晚餐",燒烤/鐵板燒/排餐,02-2366-0792,台北市大安區泰順街42號,4.4,是,"12:00~14:00,17:30~21:30",是,"12:00~14:00,17:30~21:30",是,"12:00~14:00,17:30~21:30",是,"12:00~14:00,17:30~21:30",是,"12:00~14:00,17:30~21:30",是,"12:00~14:00,17:30~21:30",是,"12:00~14:00,17:30~21:30",有,有
12/24/2020 21:05:31,漢堡王-公館店,公館地區,"早餐, 中餐, 晚餐, 宵夜",肥宅,02-2365-0876,台北市中正區羅斯福路三段246號,4,是,07:00~23:00,是,07:00~23:00,是,07:00~23:00,是,07:00~23:00,是,07:00~23:00,是,07:00~23:00,是,07:00~23:00,無,無
12/24/2020 21:06:58,頂呱呱,公館地區,"中餐, 晚餐",肥宅,02-2368-6341,台北市中正區羅斯福路四段134號,3.8,是,11:00~22:00,是,11:00~22:00,是,11:00~22:00,是,11:00~22:00,是,11:00~22:00,是,11:00~22:00,是,11:00~22:00,無,無
12/24/2020 21:08:40,派克脆皮雞排,公館地區,"中餐, 晚餐, 宵夜",肥宅, 02-2368-1216,台北市中正區羅斯福路三段316巷4號,3.9,是,12:00~23:00,是,12:00~23:00,是,12:00~23:00,是,12:00~23:00,是,12:00~23:00,是,12:00~23:00,是,12:00~23:00,無,無
12/24/2020 21:18:07,Cui Lian Kitchen 淬煉廚房,公館地區,"中餐, 晚餐",肥宅,02-2368-7259,台北市中正區羅斯福路四段12巷3號,4.7,否,,是,"11:30~14:00,16:30~21:00",是,"11:30~14:00,16:30~21:00",是,"11:30~14:00,16:30~21:00",是,"11:30~14:00,16:30~21:00",是,"11:30~14:00,16:30~21:00",是,"11:30~14:00,16:30~21:00",無,有
12/24/2020 21:20:04,胖老爹美式炸雞-公館台大店,公館地區,"中餐, 晚餐, 宵夜",肥宅,02-2368-9777,台北市中正區汀州路三段167號1樓,3.8,是,11:30~02:00,是,11:30~02:00,是,11:30~02:00,是,11:30~02:00,是,11:30~02:00,是,11:30~02:00,是,11:30~02:00,無,無
12/24/2020 21:25:13,魔法雞排,公館地區,"中餐, 晚餐",肥宅,02-2369-9333,台北市中正區汀州路三段112號,3.5,是,11:00~22:00,是,11:00~22:00,是,11:00~22:00,是,11:00~22:00,是,11:00~22:00,是,11:00~22:00,是,11:00~22:00,無,無
12/24/2020 21:27:03,達美樂台大店,溫州街,"中餐, 晚餐",肥宅, 02-2369-2366,台北市大安區辛亥路一段56號1樓,3.6,是,11:00~22:00,是,11:00~22:00,是,11:00~22:00,是,11:00~22:00,是,11:00~23:00,是,11:00~23:00,是,11:00~22:00,無,無
12/24/2020 21:28:31,肯德基KFC-台北台大餐廳,溫州街,"早餐, 中餐, 晚餐, 宵夜",肥宅,02-2364-9867,台北市大安區新生南路三段96-1號,3.8,是,07:00~00:00,是,07:00~00:00,是,07:00~00:00,是,07:00~00:00,是,07:00~00:00,是,07:00~00:00,是,07:00~00:00,無,無
12/24/2020 21:30:45,麥當勞-台北新生店,公館地區,"早餐, 中餐, 晚餐, 宵夜",肥宅, 02-2362-0668,台北市大安區新生南路三段88-2號,3.9,是,00:00~00:00,是,00:00~00:00,是,00:00~00:00,是,00:00~00:00,是,00:00~00:00,是,00:00~00:00,是,00:00~00:00,無,無
12/24/2020 21:31:58,炸鷄大獅北市公館店,公館地區,"中餐, 晚餐",肥宅,02-2368-2551,台北市中正區羅斯福路三段316巷3號,4.2,是,11:30~22:30,是,11:30~22:30,是,11:30~22:30,是,11:30~22:30,是,11:30~22:30,是,11:30~22:30,是,11:30~22:30,無,無
12/24/2020 21:33:22,白帝城川式滷味-公館總店,公館地區,"晚餐, 宵夜",魯蛇吃宵,02-2367-6663,台北市中正區羅斯福路四段136巷8號,3.8,是,16:30~00:00,是,16:30~00:00,是,16:30~00:00,是,16:30~00:00,是,16:30~00:00,是,16:30~00:00,是,16:30~00:00,無,無
12/24/2020 21:35:33,秀食屋Shows House -關東煮專賣店,公館地區,"中餐, 晚餐",肥宅,02-2368-6386,台北市中正區羅斯福路四段78巷1弄13號,4.6,是,"11:30~14:00,16:30~22:00",是,"11:30~14:00,16:30~22:00",否,,是,"11:30~14:00,16:30~22:00",是,"11:30~14:00,16:30~22:00",是,"11:30~14:00,16:30~22:00",是,"11:30~14:00,16:30~22:00",無,有
12/24/2020 21:41:47,白帝城川式滷味-公館總店,公館地區,"晚餐, 宵夜",肥宅/魯蛇吃宵,02-2367-6663,台北市中正區羅斯福路四段136巷8號,3.8,是, 16:30~00:00,是, 16:30~00:00,是, 16:30~00:00,是, 16:30~00:00,是, 16:30~00:00,是, 16:30~00:00,是, 16:30~00:00,無,無
12/24/2020 21:47:13,漢堡王-公館店,公館地區,"早餐, 中餐, 晚餐, 宵夜",肥宅/魯蛇吃宵,02-2365-0876,台北市中正區羅斯福路三段246號,4,是,07:00~23:00,是,07:00~23:00,是,07:00~23:00,是,07:00~23:00,是,07:00~23:00,是,07:00~23:00,是,07:00~23:00,無,無
12/24/2020 21:48:02,頂呱呱,公館地區,"中餐, 晚餐",肥宅/魯蛇吃宵,02-2368-6341,台北市中正區羅斯福路四段134號,3.8,是,11:00~22:00,是,11:00~22:00,是,11:00~22:00,是,11:00~22:00,是,11:00~22:00,是,11:00~22:00,是,11:00~22:00,無,無
12/24/2020 21:49:09,派克脆皮雞排,公館地區,"中餐, 晚餐, 宵夜",肥宅/魯蛇吃宵,02-2368-1216,台北市中正區羅斯福路三段316巷4號,3.9,是,12:00~23:00,是,12:00~23:00,是,12:00~23:00,是,12:00~23:00,是,12:00~23:00,是,12:00~23:00,是,12:00~23:00,無,無
12/24/2020 21:50:26,Cui Lian Kitchen 淬煉廚房,公館地區,"中餐, 晚餐",肥宅/魯蛇吃宵,02-2368-7259,台北市中正區羅斯福路四段12巷3號,4.7,否,,是,"11:30~14:00,16:30~21:00",是,"11:30~14:00,16:30~21:00",是,"11:30~14:00,16:30~21:00",是,"11:30~14:00,16:30~21:00",是,"11:30~14:00,16:30~21:00",是,"11:30~14:00,16:30~21:00",無,有
12/24/2020 21:51:50,胖老爹美式炸雞-公館台大店,公館地區,"中餐, 晚餐, 宵夜",肥宅/魯蛇吃宵,02-2368-9777,台北市中正區汀州路三段167號1樓,3.8,是,11:30~02:00,是,11:30~02:00,是,11:30~02:00,是,11:30~02:00,是,11:30~02:00,是,11:30~02:00,是,11:30~02:00,無,無
12/24/2020 21:52:47,魔法雞排,公館地區,"中餐, 晚餐",肥宅/魯蛇吃宵,02-2369-9333,台北市中正區汀州路三段112號,3.5,是,11:00~22:00,是,11:00~22:00,是,11:00~22:00,是,11:00~22:00,是,11:00~22:00,是,11:00~22:00,是,11:00~22:00,無,無
12/24/2020 21:53:35,達美樂台大店,溫州街,"中餐, 晚餐",肥宅/魯蛇吃宵,02-2369-2366,台北市大安區辛亥路一段56號1樓,3.6,是,11:00~22:00,是,11:00~22:00,是,11:00~22:00,是,11:00~22:00,是,11:00~22:00,是,11:00~22:00,是,11:00~22:00,無,無
12/24/2020 21:54:51,肯德基KFC-台北台大餐廳,溫州街,"早餐, 中餐, 晚餐, 宵夜",肥宅/魯蛇吃宵,02-2364-9867,台北市大安區新生南路三段96-1號,3.8,是,07:00~00:00,是,07:00~00:00,是,07:00~00:00,是,07:00~00:00,是,07:00~00:00,是,07:00~00:00,是,07:00~00:00,無,無
12/24/2020 21:55:39,麥當勞-台北新生店,公館地區,"早餐, 中餐, 晚餐, 宵夜",肥宅/魯蛇吃宵,02-2362-0668,台北市大安區新生南路三段88-2號,3.9,是,00:00~00:00,是,00:00~00:00,是,00:00~00:00,是,00:00~00:00,是,00:00~00:00,是,00:00~00:00,是,00:00~00:00,無,無
12/24/2020 21:56:34,炸鷄大獅北市公館店,公館地區,"中餐, 晚餐",肥宅/魯蛇吃宵,02-2368-2551,台北市中正區羅斯福路三段316巷3號,4.2,是,11:30~22:30,是,11:30~22:30,是,11:30~22:30,是,11:30~22:30,是,11:30~22:30,是,11:30~22:30,是,11:30~22:30,無,無
12/24/2020 21:58:32,秀食屋Shows House -關東煮專賣店,公館地區,"中餐, 晚餐",肥宅/魯蛇吃宵,02-2368-6386,台北市中正區羅斯福路四段78巷1弄13號,4.6,是,"11:30~14:00,16:30~22:00",是,"11:30~14:00,16:30~22:00",否,,是,"11:30~14:00,16:30~22:00",是,"11:30~14:00,16:30~22:00",是,"11:30~14:00,16:30~22:00",是,"11:30~14:00,16:30~22:00",無,有
12/24/2020 22:01:37,卜乘輕食滷味,公館地區,"中餐, 晚餐",肥宅/魯蛇吃宵,無,台北市羅斯福路四段中正區100號,4.1,是,12:00~20:00,是,12:00~20:00,是,12:00~20:00,是,12:00~20:00,是,12:00~20:00,是,12:00~20:00,是,12:00~21:00,無,無
12/24/2020 22:02:55,鴉片粉圓,公館地區,"中餐, 晚餐, 宵夜",肥宅/魯蛇吃宵,02-2369-3959,台北市中正區羅斯福路四段52巷16弄4號,3.8,是,12:00~23:30,是,12:00~23:30,是,12:00~23:30,是,12:00~23:30,是,12:00~23:30,是,12:00~23:30,是,12:00~23:30,無,無
12/24/2020 22:05:31,炸手指,公館地區,"晚餐, 宵夜",肥宅/魯蛇吃宵,0983-226-391,台北市中正區羅斯福路三段316巷8弄4號,4.6,是,15:00~00:00,是,15:00~00:00,是,15:00~00:00,是,15:00~00:00,是,15:00~00:00,是,15:00~00:00,是,15:00~00:00,無,無
12/24/2020 22:06:54,Mr.Smile 好吃雞排,118巷,"晚餐, 宵夜",肥宅/魯蛇吃宵,0980-232-039,台北市大安區復興南路二段349號,4.3,是,15:00~01:00,是,15:00~01:00,是,15:00~01:00,是,15:00~01:00,是,15:00~01:00,是,15:00~01:00,否,,無,無
12/24/2020 22:08:43,瑞安豆漿大王,偏鄉,"早餐, 中餐, 晚餐, 宵夜",肥宅/魯蛇吃宵,02-2705-3377,台北市大安區瑞安街69號,4,是,00:00~00:00,是,00:00~00:00,是,00:00~00:00,是,00:00~00:00,是,00:00~00:00,是,00:00~00:00,是,00:00~00:00,無,無
12/24/2020 22:10:05,四海豆漿大王,偏鄉,"早餐, 中餐, 晚餐, 宵夜",肥宅/魯蛇吃宵,02-2703-6170,台北市大安區復興南路二段140號,3.9,是,"05:00~12:00,16:00~00:00",是,"05:00~12:00,16:00~00:00",是,"05:00~12:00,16:00~00:00",是,"05:00~12:00,16:00~00:00",是,"05:00~12:00,16:00~00:00",是,"05:00~12:00,16:00~00:00",是,"05:00~12:00,16:00~00:00",無,無
12/24/2020 22:17:46,SUBWAY公館,公館地區,"早餐, 中餐, 晚餐",健康餐,02-3365-2629,台北市大安區羅斯福路四段85號,3.2,是,08:00~22:00,是,08:00~22:00,是,08:00~22:00,是,08:00~22:00,是,08:00~22:00,是,08:00~22:00,是,08:00~22:00,無,無
12/24/2020 22:21:24,YU POKÉ-夏威夷生魚飯,公館地區,"中餐, 晚餐",健康餐,02-2368-4282,台北市中正區羅斯福路四段24巷12弄4號,4.6,是,11:30~20:30,否,,是,11:30~20:30,是,11:30~20:30,是,11:30~20:30,是,11:30~20:30,是,11:30~20:30,無,無
12/24/2020 22:27:07,Miss Energy 能量小姐 台北公館店,公館地區,"中餐, 晚餐",健康餐,02 -2365-6857,台北市中正區羅斯福路四段52巷8號,3.8,是,11:00~19:30,是,11:00~19:30,是,11:00~19:30,是,11:00~19:30,是,11:00~19:30,否,,否,,無,無
12/24/2020 22:31:56,JJ's POKE & CAFE 鮮魚沙拉飯,公館地區,"中餐, 晚餐",健康餐,02-2367-2278,台北市中正區汀州路三段160巷4號1樓,4.3,是,11:00~20:30,是,11:00~20:30,是,11:00~20:30,是,11:00~20:30,是,11:00~20:30,是,11:00~20:30,是,11:00~20:30,無,有
12/24/2020 22:34:02,生機沙拉船,公館地區,"晚餐, 宵夜",健康餐,無,台北市中正區羅斯福路四段90巷,4.2,是,16:00~23:00,是,16:00~23:00,否,,是,16:00~23:00,是,16:00~23:00,是,16:00~23:00,是,16:00~23:00,無,無
12/24/2020 22:37:29,LULU Poke & Hotpot 夏威夷沙拉拌飯 & 健康小火鍋,公館地區,"中餐, 晚餐",,02-2367-6228,台北市中正區羅斯福路四段52巷16弄1號16弄1號,4.6,是,11:30~21:00,是,11:30~21:00,是,11:30~21:00,是,11:30~21:00,是,11:30~21:00,是,11:30~21:00,是,11:30~21:00,無,無
12/24/2020 22:39:21,好餵健康餐盒,118巷,"中餐, 晚餐",健康餐,0978-705-252,台北市大安區復興南路二段340巷5號1樓,4.4,是,11:00~20:00,是,11:00~20:00,是,11:00~20:00,是,11:00~20:00,是,11:00~20:00,否,,否,,無,無
12/24/2020 22:43:08,唯雞館,118巷,"中餐, 晚餐",健康餐,0963-493-131,台北市大安區和平東路二段118巷39號1樓,4.9,是,"11:30~14:00,17:00~19:30",是,"11:30~14:00,17:00~19:30",是,"11:30~14:00,17:00~19:30",是,"11:30~14:00,17:00~19:30",是,"11:30~14:00,17:00~19:30",是,"11:30~14:00,17:00~19:30",否,,無,無
12/24/2020 22:44:45,楽坡BonBox - 台北公館店,溫州街,"中餐, 晚餐",健康餐,0900-609-159,台北市大安區羅斯福路三段283巷10號,4.2,是,"11:00~13:30,17:00~20:00",是,"11:00~13:30,17:00~20:00",是,"11:00~13:30,17:00~20:00",是,"11:00~13:30,17:00~20:00",是,"11:00~13:30,17:00~20:00",是,11:00~13:30,否,,無,無
12/24/2020 22:47:14,金湯匙豆花坊 素食 簡餐便當,溫州街,"中餐, 晚餐",健康餐,02-2369-9717,台北市大安區羅斯福路三段333巷4號,4.5,是,11:00~21:00,是,11:00~21:00,是,11:00~21:00,是,11:00~21:00,是,11:00~21:00,是,11:00~21:00,是,11:00~21:00,無,無
12/24/2020 22:52:37,蜂鳥食堂-大安店,偏鄉,"中餐, 晚餐",健康餐, 02-2752-7717,台北市大安區和平東路二段223號,4.5,是,"11:00~13:30,17:00~19:00",是,"11:00~13:30,17:00~19:00",是,"11:00~13:30,17:00~19:00",是,"11:00~13:30,17:00~19:00",是,"11:00~13:30,17:00~19:00",否,,否,,無,無
